Time,Original,Capacity
2024-09-07 00:00:00,13.35,100
2024-09-07 00:15:00,13.98,100
2024-09-07 00:30:00,12.36,100
2024-09-07 00:45:00,11.17,100
2024-09-07 01:00:00,10.21,100
2024-09-07 01:15:00,9.22,100
2024-09-07 01:30:00,8.09,100
2024-09-07 01:45:00,7.97,100
2024-09-07 02:00:00,6.9,100
2024-09-07 02:15:00,5.53,100
2024-09-07 02:30:00,5.89,100
2024-09-07 02:45:00,5.97,100
2024-09-07 03:00:00,5.28,100
2024-09-07 03:15:00,5.74,100
2024-09-07 03:30:00,4.73,100
2024-09-07 03:45:00,4.03,100
2024-09-07 04:00:00,3.77,100
2024-09-07 04:15:00,3.66,100
2024-09-07 04:30:00,3.45,100
2024-09-07 04:45:00,3.3,100
2024-09-07 05:00:00,3.73,100
2024-09-07 05:15:00,3.82,100
2024-09-07 05:30:00,3.78,100
2024-09-07 05:45:00,3.35,100
2024-09-07 06:00:00,3.87,100
2024-09-07 06:15:00,4.07,100
2024-09-07 06:30:00,3.6,100
2024-09-07 06:45:00,3.3,100
2024-09-07 07:00:00,3.9,100
2024-09-07 07:15:00,3.8,100
2024-09-07 07:30:00,3.78,100
2024-09-07 07:45:00,4.3,100
2024-09-07 08:00:00,4.65,100
2024-09-07 08:15:00,5.94,100
2024-09-07 08:30:00,5.9,100
2024-09-07 08:45:00,6.32,100
2024-09-07 09:00:00,6.01,100
2024-09-07 09:15:00,7.58,100
2024-09-07 09:30:00,7.11,100
2024-09-07 09:45:00,7.61,100
2024-09-07 10:00:00,7.57,100
2024-09-07 10:15:00,7.86,100
2024-09-07 10:30:00,7.85,100
2024-09-07 10:45:00,7.79,100
2024-09-07 11:00:00,8.05,100
2024-09-07 11:15:00,8.66,100
2024-09-07 11:30:00,8.09,100
2024-09-07 11:45:00,9.69,100
2024-09-07 12:00:00,8.49,100
2024-09-07 12:15:00,11.32,100
2024-09-07 12:30:00,9.59,100
2024-09-07 12:45:00,10.42,100
2024-09-07 13:00:00,10.83,100
2024-09-07 13:15:00,10.45,100
2024-09-07 13:30:00,11.25,100
2024-09-07 13:45:00,10.67,100
2024-09-07 14:00:00,11.79,100
2024-09-07 14:15:00,12.05,100
2024-09-07 14:30:00,11.61,100
2024-09-07 14:45:00,12.27,100
2024-09-07 15:00:00,12.73,100
2024-09-07 15:15:00,11.68,100
2024-09-07 15:30:00,11.82,100
2024-09-07 15:45:00,12.67,100
2024-09-07 16:00:00,11.93,100
2024-09-07 16:15:00,11.63,100
2024-09-07 16:30:00,12.98,100
2024-09-07 16:45:00,12.27,100
2024-09-07 17:00:00,12.4,100
2024-09-07 17:15:00,11.64,100
2024-09-07 17:30:00,10.89,100
2024-09-07 17:45:00,11.12,100
2024-09-07 18:00:00,11.28,100
2024-09-07 18:15:00,11.66,100
2024-09-07 18:30:00,11.6,100
2024-09-07 18:45:00,10.54,100
2024-09-07 19:00:00,10.59,100
2024-09-07 19:15:00,11.31,100
2024-09-07 19:30:00,11.09,100
2024-09-07 19:45:00,11.48,100
2024-09-07 20:00:00,13.57,100
2024-09-07 20:15:00,11.43,100
2024-09-07 20:30:00,10.45,100
2024-09-07 20:45:00,11.37,100
2024-09-07 21:00:00,12.24,100
2024-09-07 21:15:00,12.94,100
2024-09-07 21:30:00,13.95,100
2024-09-07 21:45:00,13.79,100
2024-09-07 22:00:00,14.6,100
2024-09-07 22:15:00,15.2,100
2024-09-07 22:30:00,15.31,100
2024-09-07 22:45:00,15.13,100
2024-09-07 23:00:00,13.67,100
2024-09-07 23:15:00,14.8,100
2024-09-07 23:30:00,14.55,100
2024-09-07 23:45:00,14.55,100
2024-09-08 00:00:00,12.92,100
2024-09-08 00:15:00,13.32,100
2024-09-08 00:30:00,12.53,100
2024-09-08 00:45:00,10.75,100
2024-09-08 01:00:00,10.67,100
2024-09-08 01:15:00,9.33,100
2024-09-08 01:30:00,7.95,100
2024-09-08 01:45:00,6.9,100
2024-09-08 02:00:00,6.55,100
2024-09-08 02:15:00,6.43,100
2024-09-08 02:30:00,5.83,100
2024-09-08 02:45:00,5.61,100
2024-09-08 03:00:00,5.59,100
2024-09-08 03:15:00,4.67,100
2024-09-08 03:30:00,4.31,100
2024-09-08 03:45:00,4.22,100
2024-09-08 04:00:00,3.89,100
2024-09-08 04:15:00,3.72,100
2024-09-08 04:30:00,3.74,100
2024-09-08 04:45:00,3.57,100
2024-09-08 05:00:00,3.11,100
2024-09-08 05:15:00,3.12,100
2024-09-08 05:30:00,3.45,100
2024-09-08 05:45:00,2.81,100
2024-09-08 06:00:00,3.11,100
2024-09-08 06:15:00,3.21,100
2024-09-08 06:30:00,3.05,100
2024-09-08 06:45:00,2.84,100
2024-09-08 07:00:00,2.63,100
2024-09-08 07:15:00,3.24,100
2024-09-08 07:30:00,3.16,100
2024-09-08 07:45:00,3.8,100
2024-09-08 08:00:00,7.42,100
2024-09-08 08:15:00,4.6,100
2024-09-08 08:30:00,4.65,100
2024-09-08 08:45:00,4.96,100
2024-09-08 09:00:00,5.52,100
2024-09-08 09:15:00,7.38,100
2024-09-08 09:30:00,7.69,100
2024-09-08 09:45:00,8.13,100
2024-09-08 10:00:00,7.23,100
2024-09-08 10:15:00,7.52,100
2024-09-08 10:30:00,8.33,100
2024-09-08 10:45:00,8.48,100
2024-09-08 11:00:00,9.53,100
2024-09-08 11:15:00,9.44,100
2024-09-08 11:30:00,9.54,100
2024-09-08 11:45:00,10.97,100
2024-09-08 12:00:00,10.34,100
2024-09-08 12:15:00,10.18,100
2024-09-08 12:30:00,10.76,100
2024-09-08 12:45:00,10.95,100
2024-09-08 13:00:00,10.51,100
2024-09-08 13:15:00,10.79,100
2024-09-08 13:30:00,10.83,100
2024-09-08 13:45:00,10.9,100
2024-09-08 14:00:00,14.04,100
2024-09-08 14:15:00,14.57,100
2024-09-08 14:30:00,14.25,100
2024-09-08 14:45:00,13.97,100
2024-09-08 15:00:00,15.44,100
2024-09-08 15:15:00,15.87,100
2024-09-08 15:30:00,16.52,100
2024-09-08 15:45:00,16.13,100
2024-09-08 16:00:00,15.46,100
2024-09-08 16:15:00,18.27,100
2024-09-08 16:30:00,16.85,100
2024-09-08 16:45:00,15.74,100
2024-09-08 17:00:00,16.26,100
2024-09-08 17:15:00,16.63,100
2024-09-08 17:30:00,16.21,100
2024-09-08 17:45:00,15.82,100
2024-09-08 18:00:00,16.78,100
2024-09-08 18:15:00,15.71,100
2024-09-08 18:30:00,15.36,100
2024-09-08 18:45:00,16.31,100
2024-09-08 19:00:00,17.84,100
2024-09-08 19:15:00,17.34,100
2024-09-08 19:30:00,16.9,100
2024-09-08 19:45:00,15.79,100
2024-09-08 20:00:00,15.77,100
2024-09-08 20:15:00,15.98,100
2024-09-08 20:30:00,16.59,100
2024-09-08 20:45:00,17.7,100
2024-09-08 21:00:00,18.44,100
2024-09-08 21:15:00,18.99,100
2024-09-08 21:30:00,19,100
2024-09-08 21:45:00,19.63,100
2024-09-08 22:00:00,19.98,100
2024-09-08 22:15:00,20.71,100
2024-09-08 22:30:00,19.56,100
2024-09-08 22:45:00,19.92,100
2024-09-08 23:00:00,20.27,100
2024-09-08 23:15:00,20.48,100
2024-09-08 23:30:00,18.13,100
2024-09-08 23:45:00,17.16,100
2024-09-09 00:00:00,15.43,100
2024-09-09 00:15:00,13.79,100
2024-09-09 00:30:00,11.91,100
2024-09-09 00:45:00,10.69,100
2024-09-09 01:00:00,10.26,100
2024-09-09 01:15:00,9.62,100
2024-09-09 01:30:00,7.73,100
2024-09-09 01:45:00,7.13,100
2024-09-09 02:00:00,6.52,100
2024-09-09 02:15:00,5.93,100
2024-09-09 02:30:00,5.1,100
2024-09-09 02:45:00,5.35,100
2024-09-09 03:00:00,5.36,100
2024-09-09 03:15:00,4.58,100
2024-09-09 03:30:00,3.84,100
2024-09-09 03:45:00,3.31,100
2024-09-09 04:00:00,3.73,100
2024-09-09 04:15:00,2.79,100
2024-09-09 04:30:00,2.91,100
2024-09-09 04:45:00,3.49,100
2024-09-09 05:00:00,3.07,100
2024-09-09 05:15:00,3.22,100
2024-09-09 05:30:00,3.07,100
2024-09-09 05:45:00,2.96,100
2024-09-09 06:00:00,2.96,100
2024-09-09 06:15:00,2.91,100
2024-09-09 06:30:00,3.97,100
2024-09-09 06:45:00,3.77,100
2024-09-09 07:00:00,3.63,100
2024-09-09 07:15:00,4.19,100
2024-09-09 07:30:00,4.37,100
2024-09-09 07:45:00,5.6,100
2024-09-09 08:00:00,5.65,100
2024-09-09 08:15:00,5.85,100
2024-09-09 08:30:00,5.67,100
2024-09-09 08:45:00,6.04,100
2024-09-09 09:00:00,6.5,100
2024-09-09 09:15:00,7.8,100
2024-09-09 09:30:00,8.26,100
2024-09-09 09:45:00,8.43,100
2024-09-09 10:00:00,8.07,100
2024-09-09 10:15:00,8.01,100
2024-09-09 10:30:00,8.84,100
2024-09-09 10:45:00,8.63,100
2024-09-09 11:00:00,9.38,100
2024-09-09 11:15:00,9.78,100
2024-09-09 11:30:00,8.6,100
2024-09-09 11:45:00,8.34,100
2024-09-09 12:00:00,8.66,100
2024-09-09 12:15:00,9.2,100
2024-09-09 12:30:00,9.14,100
2024-09-09 12:45:00,10.03,100
2024-09-09 13:00:00,9.75,100
2024-09-09 13:15:00,11.32,100
2024-09-09 13:30:00,10.92,100
2024-09-09 13:45:00,10.22,100
2024-09-09 14:00:00,10.85,100
2024-09-09 14:15:00,10.62,100
2024-09-09 14:30:00,10.92,100
2024-09-09 14:45:00,11.39,100
2024-09-09 15:00:00,12.88,100
2024-09-09 15:15:00,11.06,100
2024-09-09 15:30:00,10.79,100
2024-09-09 15:45:00,11.59,100
2024-09-09 16:00:00,10.72,100
2024-09-09 16:15:00,10.94,100
2024-09-09 16:30:00,10.32,100
2024-09-09 16:45:00,11.21,100
2024-09-09 17:00:00,12.06,100
2024-09-09 17:15:00,11.58,100
2024-09-09 17:30:00,9.54,100
2024-09-09 17:45:00,10.83,100
2024-09-09 18:00:00,10.46,100
2024-09-09 18:15:00,10.06,100
2024-09-09 18:30:00,10.07,100
2024-09-09 18:45:00,11.26,100
2024-09-09 19:00:00,10.11,100
2024-09-09 19:15:00,11.32,100
2024-09-09 19:30:00,11.38,100
2024-09-09 19:45:00,12.23,100
2024-09-09 20:00:00,13.44,100
2024-09-09 20:15:00,12.98,100
2024-09-09 20:30:00,14.65,100
2024-09-09 20:45:00,14.8,100
2024-09-09 21:00:00,16.47,100
2024-09-09 21:15:00,16.15,100
2024-09-09 21:30:00,16.89,100
2024-09-09 21:45:00,19.31,100
2024-09-09 22:00:00,20.63,100
2024-09-09 22:15:00,20.08,100
2024-09-09 22:30:00,20.18,100
2024-09-09 22:45:00,19.82,100
2024-09-09 23:00:00,18.93,100
2024-09-09 23:15:00,17.8,100
2024-09-09 23:30:00,17.05,100
2024-09-09 23:45:00,15.65,100
2024-09-10 00:00:00,14.88,100
2024-09-10 00:15:00,14.2,100
2024-09-10 00:30:00,12.15,100
2024-09-10 00:45:00,11.81,100
2024-09-10 01:00:00,9.96,100
2024-09-10 01:15:00,8.87,100
2024-09-10 01:30:00,8.1,100
2024-09-10 01:45:00,7.19,100
2024-09-10 02:00:00,7.38,100
2024-09-10 02:15:00,6.84,100
2024-09-10 02:30:00,7.21,100
2024-09-10 02:45:00,4.72,100
2024-09-10 03:00:00,5.16,100
2024-09-10 03:15:00,4.58,100
2024-09-10 03:30:00,3.95,100
2024-09-10 03:45:00,4.04,100
2024-09-10 04:00:00,3.87,100
2024-09-10 04:15:00,3.72,100
2024-09-10 04:30:00,4.1,100
2024-09-10 04:45:00,3.3,100
2024-09-10 05:00:00,3.3,100
2024-09-10 05:15:00,3.41,100
2024-09-10 05:30:00,2.98,100
2024-09-10 05:45:00,4.03,100
2024-09-10 06:00:00,3.13,100
2024-09-10 06:15:00,3.02,100
2024-09-10 06:30:00,3.35,100
2024-09-10 06:45:00,3.49,100
2024-09-10 07:00:00,4.69,100
2024-09-10 07:15:00,4.74,100
2024-09-10 07:30:00,5.25,100
2024-09-10 07:45:00,5.44,100
2024-09-10 08:00:00,6.22,100
2024-09-10 08:15:00,5.16,100
2024-09-10 08:30:00,6.84,100
2024-09-10 08:45:00,6.79,100
2024-09-10 09:00:00,7.12,100
2024-09-10 09:15:00,8.17,100
2024-09-10 09:30:00,8.7,100
2024-09-10 09:45:00,7.66,100
2024-09-10 10:00:00,7.39,100
2024-09-10 10:15:00,7.45,100
2024-09-10 10:30:00,8.29,100
2024-09-10 10:45:00,8.38,100
2024-09-10 11:00:00,8.85,100
2024-09-10 11:15:00,8.04,100
2024-09-10 11:30:00,8.09,100
2024-09-10 11:45:00,8.25,100
2024-09-10 12:00:00,9.05,100
2024-09-10 12:15:00,8.23,100
2024-09-10 12:30:00,8.29,100
2024-09-10 12:45:00,8.95,100
2024-09-10 13:00:00,9.86,100
2024-09-10 13:15:00,10.41,100
2024-09-10 13:30:00,12.96,100
2024-09-10 13:45:00,10.1,100
2024-09-10 14:00:00,10.66,100
2024-09-10 14:15:00,10.7,100
2024-09-10 14:30:00,12.41,100
2024-09-10 14:45:00,11.9,100
2024-09-10 15:00:00,10.56,100
2024-09-10 15:15:00,11.14,100
2024-09-10 15:30:00,10.42,100
2024-09-10 15:45:00,11.32,100
2024-09-10 16:00:00,11.82,100
2024-09-10 16:15:00,11.88,100
2024-09-10 16:30:00,11.74,100
2024-09-10 16:45:00,11.73,100
2024-09-10 17:00:00,10.04,100
2024-09-10 17:15:00,10.59,100
2024-09-10 17:30:00,9.63,100
2024-09-10 17:45:00,10.05,100
2024-09-10 18:00:00,10.04,100
2024-09-10 18:15:00,10.29,100
2024-09-10 18:30:00,9.96,100
2024-09-10 18:45:00,10.35,100
2024-09-10 19:00:00,11.43,100
2024-09-10 19:15:00,10.57,100
2024-09-10 19:30:00,11.94,100
2024-09-10 19:45:00,11.4,100
2024-09-10 20:00:00,12.44,100
2024-09-10 20:15:00,13.36,100
2024-09-10 20:30:00,13.83,100
2024-09-10 20:45:00,14.99,100
2024-09-10 21:00:00,17.17,100
2024-09-10 21:15:00,17.87,100
2024-09-10 21:30:00,18.26,100
2024-09-10 21:45:00,17.51,100
2024-09-10 22:00:00,18.18,100
2024-09-10 22:15:00,18.44,100
2024-09-10 22:30:00,19.57,100
2024-09-10 22:45:00,19.2,100
2024-09-10 23:00:00,18.13,100
2024-09-10 23:15:00,17.03,100
2024-09-10 23:30:00,15.69,100
2024-09-10 23:45:00,14.45,100
2024-09-11 00:00:00,14.41,100
2024-09-11 00:15:00,13.4,100
2024-09-11 00:30:00,11.82,100
2024-09-11 00:45:00,10.3,100
2024-09-11 01:00:00,9.15,100
2024-09-11 01:15:00,8.97,100
2024-09-11 01:30:00,7.82,100
2024-09-11 01:45:00,7.45,100
2024-09-11 02:00:00,6.12,100
2024-09-11 02:15:00,6.49,100
2024-09-11 02:30:00,5.92,100
2024-09-11 02:45:00,5.58,100
2024-09-11 03:00:00,4.84,100
2024-09-11 03:15:00,4.79,100
2024-09-11 03:30:00,4.47,100
2024-09-11 03:45:00,3.94,100
2024-09-11 04:00:00,5.28,100
2024-09-11 04:15:00,5,100
2024-09-11 04:30:00,3.79,100
2024-09-11 04:45:00,3.54,100
2024-09-11 05:00:00,3.98,100
2024-09-11 05:15:00,4.02,100
2024-09-11 05:30:00,3.01,100
2024-09-11 05:45:00,3.01,100
2024-09-11 06:00:00,3.39,100
2024-09-11 06:15:00,4.39,100
2024-09-11 06:30:00,3.77,100
2024-09-11 06:45:00,4.19,100
2024-09-11 07:00:00,4.28,100
2024-09-11 07:15:00,4.78,100
2024-09-11 07:30:00,5.89,100
2024-09-11 07:45:00,6.31,100
2024-09-11 08:00:00,6.04,100
2024-09-11 08:15:00,6.7,100
2024-09-11 08:30:00,13.32,100
2024-09-11 08:45:00,8.92,100
2024-09-11 09:00:00,7.26,100
2024-09-11 09:15:00,8.15,100
2024-09-11 09:30:00,7.4,100
2024-09-11 09:45:00,7.63,100
2024-09-11 10:00:00,7.9,100
2024-09-11 10:15:00,8.56,100
2024-09-11 10:30:00,7.45,100
2024-09-11 10:45:00,7.86,100
2024-09-11 11:00:00,7.91,100
2024-09-11 11:15:00,8.15,100
2024-09-11 11:30:00,9.5,100
2024-09-11 11:45:00,8.22,100
2024-09-11 12:00:00,9.28,100
2024-09-11 12:15:00,9.43,100
2024-09-11 12:30:00,9.36,100
2024-09-11 12:45:00,9.21,100
2024-09-11 13:00:00,9.81,100
2024-09-11 13:15:00,10.32,100
2024-09-11 13:30:00,9.97,100
2024-09-11 13:45:00,10.94,100
2024-09-11 14:00:00,12.1,100
2024-09-11 14:15:00,12.13,100
2024-09-11 14:30:00,11.38,100
2024-09-11 14:45:00,10.8,100
2024-09-11 15:00:00,11.06,100
2024-09-11 15:15:00,11.11,100
2024-09-11 15:30:00,11.16,100
2024-09-11 15:45:00,11.42,100
2024-09-11 16:00:00,12.07,100
2024-09-11 16:15:00,10.04,100
2024-09-11 16:30:00,9.32,100
2024-09-11 16:45:00,10.51,100
2024-09-11 17:00:00,11.4,100
2024-09-11 17:15:00,10.38,100
2024-09-11 17:30:00,12.51,100
2024-09-11 17:45:00,10.79,100
2024-09-11 18:00:00,10.85,100
2024-09-11 18:15:00,12.4,100
2024-09-11 18:30:00,12.16,100
2024-09-11 18:45:00,11.33,100
2024-09-11 19:00:00,13.13,100
2024-09-11 19:15:00,14.61,100
2024-09-11 19:30:00,13.51,100
2024-09-11 19:45:00,12.88,100
2024-09-11 20:00:00,13.21,100
2024-09-11 20:15:00,13.75,100
2024-09-11 20:30:00,14.38,100
2024-09-11 20:45:00,15.24,100
2024-09-11 21:00:00,16.3,100
2024-09-11 21:15:00,16.62,100
2024-09-11 21:30:00,16.7,100
2024-09-11 21:45:00,18.03,100
2024-09-11 22:00:00,18.3,100
2024-09-11 22:15:00,18.67,100
2024-09-11 22:30:00,18.82,100
2024-09-11 22:45:00,18.06,100
2024-09-11 23:00:00,17.54,100
2024-09-11 23:15:00,15.82,100
2024-09-11 23:30:00,15.43,100
2024-09-11 23:45:00,14.22,100
2024-09-12 00:00:00,13.77,100
2024-09-12 00:15:00,12.94,100
2024-09-12 00:30:00,13.09,100
2024-09-12 00:45:00,9.49,100
2024-09-12 01:00:00,10.14,100
2024-09-12 01:15:00,9.2,100
2024-09-12 01:30:00,9.32,100
2024-09-12 01:45:00,7.2,100
2024-09-12 02:00:00,5.62,100
2024-09-12 02:15:00,5.78,100
2024-09-12 02:30:00,5.23,100
2024-09-12 02:45:00,4.74,100
2024-09-12 03:00:00,4.24,100
2024-09-12 03:15:00,4.5,100
2024-09-12 03:30:00,3.8,100
2024-09-12 03:45:00,4.2,100
2024-09-12 04:00:00,3.65,100
2024-09-12 04:15:00,3.67,100
2024-09-12 04:30:00,3.3,100
2024-09-12 04:45:00,4.21,100
2024-09-12 05:00:00,3.9,100
2024-09-12 05:15:00,4.07,100
2024-09-12 05:30:00,3.72,100
2024-09-12 05:45:00,3.57,100
2024-09-12 06:00:00,4.59,100
2024-09-12 06:15:00,4.81,100
2024-09-12 06:30:00,4.27,100
2024-09-12 06:45:00,5.13,100
2024-09-12 07:00:00,4.81,100
2024-09-12 07:15:00,5.54,100
2024-09-12 07:30:00,5.57,100
2024-09-12 07:45:00,5.75,100
2024-09-12 08:00:00,8.8,100
2024-09-12 08:15:00,7.95,100
2024-09-12 08:30:00,7.47,100
2024-09-12 08:45:00,8.48,100
2024-09-12 09:00:00,7.31,100
2024-09-12 09:15:00,8.29,100
2024-09-12 09:30:00,7.7,100
2024-09-12 09:45:00,8.69,100
2024-09-12 10:00:00,8.29,100
2024-09-12 10:15:00,6.95,100
2024-09-12 10:30:00,8.51,100
2024-09-12 10:45:00,7.86,100
2024-09-12 11:00:00,8.34,100
2024-09-12 11:15:00,10.77,100
2024-09-12 11:30:00,8.45,100
2024-09-12 11:45:00,8.6,100
2024-09-12 12:00:00,10,100
2024-09-12 12:15:00,9.43,100
2024-09-12 12:30:00,8.26,100
2024-09-12 12:45:00,8.59,100
2024-09-12 13:00:00,10.13,100
2024-09-12 13:15:00,8.72,100
2024-09-12 13:30:00,9.46,100
2024-09-12 13:45:00,10.46,100
2024-09-12 14:00:00,10.58,100
2024-09-12 14:15:00,10.56,100
2024-09-12 14:30:00,11.5,100
2024-09-12 14:45:00,11.45,100
2024-09-12 15:00:00,11.01,100
2024-09-12 15:15:00,11.27,100
2024-09-12 15:30:00,11.96,100
2024-09-12 15:45:00,11.94,100
2024-09-12 16:00:00,11.48,100
2024-09-12 16:15:00,10.43,100
2024-09-12 16:30:00,10.31,100
2024-09-12 16:45:00,11.53,100
2024-09-12 17:00:00,10.79,100
2024-09-12 17:15:00,11.36,100
2024-09-12 17:30:00,11.28,100
2024-09-12 17:45:00,10.01,100
2024-09-12 18:00:00,10.92,100
2024-09-12 18:15:00,9.93,100
2024-09-12 18:30:00,12.84,100
2024-09-12 18:45:00,13.18,100
2024-09-12 19:00:00,12.68,100
2024-09-12 19:15:00,12.54,100
2024-09-12 19:30:00,13.12,100
2024-09-12 19:45:00,13.21,100
2024-09-12 20:00:00,13.67,100
2024-09-12 20:15:00,12.08,100
2024-09-12 20:30:00,15.21,100
2024-09-12 20:45:00,15.23,100
2024-09-12 21:00:00,15.77,100
2024-09-12 21:15:00,18.73,100
2024-09-12 21:30:00,17.72,100
2024-09-12 21:45:00,17.41,100
2024-09-12 22:00:00,17.97,100
2024-09-12 22:15:00,18.16,100
2024-09-12 22:30:00,18.01,100
2024-09-12 22:45:00,16.06,100
2024-09-12 23:00:00,17.81,100
2024-09-12 23:15:00,16.28,100
2024-09-12 23:30:00,15.74,100
2024-09-12 23:45:00,14.38,100
2024-09-13 00:00:00,13.3,100
2024-09-13 00:15:00,12.6,100
2024-09-13 00:30:00,12.08,100
2024-09-13 00:45:00,9.99,100
2024-09-13 01:00:00,9.56,100
2024-09-13 01:15:00,8.87,100
2024-09-13 01:30:00,6.97,100
2024-09-13 01:45:00,6.68,100
2024-09-13 02:00:00,6.07,100
2024-09-13 02:15:00,5.67,100
2024-09-13 02:30:00,5.52,100
2024-09-13 02:45:00,4.62,100
2024-09-13 03:00:00,4.94,100
2024-09-13 03:15:00,4.4,100
2024-09-13 03:30:00,3.93,100
2024-09-13 03:45:00,3.78,100
2024-09-13 04:00:00,3.93,100
2024-09-13 04:15:00,3.33,100
2024-09-13 04:30:00,3.66,100
2024-09-13 04:45:00,3.36,100
2024-09-13 05:00:00,3.39,100
2024-09-13 05:15:00,3.4,100
2024-09-13 05:30:00,4.24,100
2024-09-13 05:45:00,3.86,100
2024-09-13 06:00:00,3.61,100
2024-09-13 06:15:00,4.09,100
2024-09-13 06:30:00,3.74,100
2024-09-13 06:45:00,3.97,100
2024-09-13 07:00:00,4.2,100
2024-09-13 07:15:00,5.22,100
2024-09-13 07:30:00,5.35,100
2024-09-13 07:45:00,5.71,100
2024-09-13 08:00:00,5.78,100
2024-09-13 08:15:00,6.04,100
2024-09-13 08:30:00,6.17,100
2024-09-13 08:45:00,6.54,100
2024-09-13 09:00:00,6.76,100
2024-09-13 09:15:00,7.03,100
2024-09-13 09:30:00,6.84,100
2024-09-13 09:45:00,7.25,100
2024-09-13 10:00:00,7.15,100
2024-09-13 10:15:00,8.17,100
2024-09-13 10:30:00,8.5,100
2024-09-13 10:45:00,8.32,100
2024-09-13 11:00:00,8.97,100
2024-09-13 11:15:00,8.36,100
2024-09-13 11:30:00,8.98,100
2024-09-13 11:45:00,8.36,100
2024-09-13 12:00:00,9.25,100
2024-09-13 12:15:00,8.4,100
2024-09-13 12:30:00,7.71,100
2024-09-13 12:45:00,8.38,100
2024-09-13 13:00:00,8.47,100
2024-09-13 13:15:00,8.4,100
2024-09-13 13:30:00,9.51,100
2024-09-13 13:45:00,10.29,100
2024-09-13 14:00:00,10.15,100
2024-09-13 14:15:00,10.49,100
2024-09-13 14:30:00,11.11,100
2024-09-13 14:45:00,11.77,100
2024-09-13 15:00:00,11.29,100
2024-09-13 15:15:00,11.73,100
2024-09-13 15:30:00,10.54,100
2024-09-13 15:45:00,12.11,100
2024-09-13 16:00:00,11.52,100
2024-09-13 16:15:00,11.42,100
2024-09-13 16:30:00,11.05,100
2024-09-13 16:45:00,9.83,100
2024-09-13 17:00:00,10.84,100
2024-09-13 17:15:00,11,100
2024-09-13 17:30:00,12.17,100
2024-09-13 17:45:00,11.78,100
2024-09-13 18:00:00,11.39,100
2024-09-13 18:15:00,10.93,100
2024-09-13 18:30:00,10.87,100
2024-09-13 18:45:00,10.61,100
2024-09-13 19:00:00,11.6,100
2024-09-13 19:15:00,12.11,100
2024-09-13 19:30:00,11.84,100
2024-09-13 19:45:00,11.95,100
2024-09-13 20:00:00,13.02,100
2024-09-13 20:15:00,13.77,100
2024-09-13 20:30:00,12.28,100
2024-09-13 20:45:00,12.7,100
2024-09-13 21:00:00,12.53,100
2024-09-13 21:15:00,12.89,100
2024-09-13 21:30:00,16.9,100
2024-09-13 21:45:00,16.01,100
2024-09-13 22:00:00,16.63,100
2024-09-13 22:15:00,16.06,100
2024-09-13 22:30:00,16.24,100
2024-09-13 22:45:00,16.44,100
2024-09-13 23:00:00,15.87,100
2024-09-13 23:15:00,15,100
2024-09-13 23:30:00,13.79,100
2024-09-13 23:45:00,13.21,100
2024-09-14 00:00:00,12.51,100
2024-09-14 00:15:00,12.25,100
2024-09-14 00:30:00,11.97,100
2024-09-14 00:45:00,10.05,100
2024-09-14 01:00:00,9.1,100
2024-09-14 01:15:00,8.97,100
2024-09-14 01:30:00,7.8,100
2024-09-14 01:45:00,6.78,100
2024-09-14 02:00:00,6.35,100
2024-09-14 02:15:00,6.97,100
2024-09-14 02:30:00,5.83,100
2024-09-14 02:45:00,5.54,100
2024-09-14 03:00:00,4.93,100
2024-09-14 03:15:00,4.43,100
2024-09-14 03:30:00,3.88,100
2024-09-14 03:45:00,3.77,100
2024-09-14 04:00:00,3.91,100
2024-09-14 04:15:00,3.47,100
2024-09-14 04:30:00,3.13,100
2024-09-14 04:45:00,2.9,100
2024-09-14 05:00:00,3.05,100
2024-09-14 05:15:00,3.35,100
2024-09-14 05:30:00,3.83,100
2024-09-14 05:45:00,3.04,100
2024-09-14 06:00:00,3.34,100
2024-09-14 06:15:00,3.46,100
2024-09-14 06:30:00,2.96,100
2024-09-14 06:45:00,2.94,100
2024-09-14 07:00:00,3.47,100
2024-09-14 07:15:00,3.77,100
2024-09-14 07:30:00,3.84,100
2024-09-14 07:45:00,4.8,100
2024-09-14 08:00:00,8.23,100
2024-09-14 08:15:00,5.09,100
2024-09-14 08:30:00,5.72,100
2024-09-14 08:45:00,6.17,100
2024-09-14 09:00:00,7.11,100
2024-09-14 09:15:00,8.14,100
2024-09-14 09:30:00,7.2,100
2024-09-14 09:45:00,7.68,100
2024-09-14 10:00:00,8.11,100
2024-09-14 10:15:00,8.75,100
2024-09-14 10:30:00,8.58,100
2024-09-14 10:45:00,8.63,100
2024-09-14 11:00:00,8.71,100
2024-09-14 11:15:00,9.68,100
2024-09-14 11:30:00,9.37,100
2024-09-14 11:45:00,9.48,100
2024-09-14 12:00:00,9.33,100
2024-09-14 12:15:00,9.9,100
2024-09-14 12:30:00,10.38,100
2024-09-14 12:45:00,10.93,100
2024-09-14 13:00:00,10.32,100
2024-09-14 13:15:00,11.47,100
2024-09-14 13:30:00,11.85,100
2024-09-14 13:45:00,10.23,100
2024-09-14 14:00:00,10.95,100
2024-09-14 14:15:00,11.59,100
2024-09-14 14:30:00,12.6,100
2024-09-14 14:45:00,13.1,100
2024-09-14 15:00:00,13.33,100
2024-09-14 15:15:00,13.73,100
2024-09-14 15:30:00,13.68,100
2024-09-14 15:45:00,14.75,100
2024-09-14 16:00:00,13.17,100
2024-09-14 16:15:00,13.58,100
2024-09-14 16:30:00,13.02,100
2024-09-14 16:45:00,13.07,100
2024-09-14 17:00:00,13.04,100
2024-09-14 17:15:00,14.35,100
2024-09-14 17:30:00,12.27,100
2024-09-14 17:45:00,12.26,100
2024-09-14 18:00:00,12.64,100
2024-09-14 18:15:00,12.71,100
2024-09-14 18:30:00,13.49,100
2024-09-14 18:45:00,13.46,100
2024-09-14 19:00:00,13.55,100
2024-09-14 19:15:00,13.52,100
2024-09-14 19:30:00,14.24,100
2024-09-14 19:45:00,14.59,100
2024-09-14 20:00:00,13.18,100
2024-09-14 20:15:00,12.98,100
2024-09-14 20:30:00,12.26,100
2024-09-14 20:45:00,13.44,100
2024-09-14 21:00:00,14.98,100
2024-09-14 21:15:00,15,100
2024-09-14 21:30:00,16.15,100
2024-09-14 21:45:00,16.86,100
2024-09-14 22:00:00,16.76,100
2024-09-14 22:15:00,17.54,100
2024-09-14 22:30:00,17.15,100
2024-09-14 22:45:00,17.49,100
2024-09-14 23:00:00,15.67,100
2024-09-14 23:15:00,14.43,100
2024-09-14 23:30:00,14.24,100
2024-09-14 23:45:00,13.04,100
2024-09-15 00:00:00,13.2,100
2024-09-15 00:15:00,12.01,100
2024-09-15 00:30:00,10.89,100
2024-09-15 00:45:00,9.34,100
2024-09-15 01:00:00,9.21,100
2024-09-15 01:15:00,9.23,100
2024-09-15 01:30:00,9.43,100
2024-09-15 01:45:00,7.48,100
2024-09-15 02:00:00,6.86,100
2024-09-15 02:15:00,6.59,100
2024-09-15 02:30:00,6.24,100
2024-09-15 02:45:00,4.95,100
2024-09-15 03:00:00,5,100
2024-09-15 03:15:00,4.87,100
2024-09-15 03:30:00,4.06,100
2024-09-15 03:45:00,3.53,100
2024-09-15 04:00:00,3.51,100
2024-09-15 04:15:00,3.52,100
2024-09-15 04:30:00,3.39,100
2024-09-15 04:45:00,3.3,100
2024-09-15 05:00:00,3.22,100
2024-09-15 05:15:00,4.1,100
2024-09-15 05:30:00,2.85,100
2024-09-15 05:45:00,3.13,100
2024-09-15 06:00:00,3.11,100
2024-09-15 06:15:00,3.28,100
2024-09-15 06:30:00,3.15,100
2024-09-15 06:45:00,3.73,100
2024-09-15 07:00:00,3.44,100
2024-09-15 07:15:00,4.58,100
2024-09-15 07:30:00,4.76,100
2024-09-15 07:45:00,4.63,100
2024-09-15 08:00:00,4.83,100
2024-09-15 08:15:00,4.82,100
2024-09-15 08:30:00,5.86,100
2024-09-15 08:45:00,6.26,100
2024-09-15 09:00:00,6.17,100
2024-09-15 09:15:00,7.2,100
2024-09-15 09:30:00,8.75,100
2024-09-15 09:45:00,8.19,100
2024-09-15 10:00:00,8.71,100
2024-09-15 10:15:00,9.24,100
2024-09-15 10:30:00,8.54,100
2024-09-15 10:45:00,8.09,100
2024-09-15 11:00:00,8.98,100
2024-09-15 11:15:00,8.93,100
2024-09-15 11:30:00,8.42,100
2024-09-15 11:45:00,10.68,100
2024-09-15 12:00:00,11.38,100
2024-09-15 12:15:00,9.85,100
2024-09-15 12:30:00,10.98,100
2024-09-15 12:45:00,12.63,100
2024-09-15 13:00:00,12.36,100
2024-09-15 13:15:00,11.7,100
2024-09-15 13:30:00,12.17,100
2024-09-15 13:45:00,13.07,100
2024-09-15 14:00:00,13.75,100
2024-09-15 14:15:00,14.97,100
2024-09-15 14:30:00,15.07,100
2024-09-15 14:45:00,14.28,100
2024-09-15 15:00:00,14.05,100
2024-09-15 15:15:00,14.41,100
2024-09-15 15:30:00,13.38,100
2024-09-15 15:45:00,13.97,100
2024-09-15 16:00:00,14.19,100
2024-09-15 16:15:00,14.74,100
2024-09-15 16:30:00,13.74,100
2024-09-15 16:45:00,13.71,100
2024-09-15 17:00:00,14.13,100
2024-09-15 17:15:00,12.58,100
2024-09-15 17:30:00,13.25,100
2024-09-15 17:45:00,15.84,100
2024-09-15 18:00:00,13.02,100
2024-09-15 18:15:00,12.71,100
2024-09-15 18:30:00,14.21,100
2024-09-15 18:45:00,14.46,100
2024-09-15 19:00:00,15.3,100
2024-09-15 19:15:00,16,100
2024-09-15 19:30:00,16.74,100
2024-09-15 19:45:00,16.62,100
2024-09-15 20:00:00,16.04,100
2024-09-15 20:15:00,15.37,100
2024-09-15 20:30:00,15.54,100
2024-09-15 20:45:00,17.22,100
2024-09-15 21:00:00,20.41,100
2024-09-15 21:15:00,22.63,100
2024-09-15 21:30:00,23.04,100
2024-09-15 21:45:00,23.71,100
2024-09-15 22:00:00,24.6,100
2024-09-15 22:15:00,24.7,100
2024-09-15 22:30:00,24.21,100
2024-09-15 22:45:00,23.75,100
2024-09-15 23:00:00,21.91,100
2024-09-15 23:15:00,21.02,100
2024-09-15 23:30:00,19.33,100
2024-09-15 23:45:00,16.11,100
2024-09-16 00:00:00,14.6,100
2024-09-16 00:15:00,14.17,100
2024-09-16 00:30:00,11.97,100
2024-09-16 00:45:00,11.25,100
2024-09-16 01:00:00,10.95,100
2024-09-16 01:15:00,9.92,100
2024-09-16 01:30:00,8.6,100
2024-09-16 01:45:00,6.57,100
2024-09-16 02:00:00,5.55,100
2024-09-16 02:15:00,5.21,100
2024-09-16 02:30:00,5.34,100
2024-09-16 02:45:00,3.99,100
2024-09-16 03:00:00,3.64,100
2024-09-16 03:15:00,4.27,100
2024-09-16 03:30:00,3.31,100
2024-09-16 03:45:00,3.2,100
2024-09-16 04:00:00,3.16,100
2024-09-16 04:15:00,3.43,100
2024-09-16 04:30:00,2.89,100
2024-09-16 04:45:00,3.25,100
2024-09-16 05:00:00,2.45,100
2024-09-16 05:15:00,3.1,100
2024-09-16 05:30:00,2.35,100
2024-09-16 05:45:00,3.68,100
2024-09-16 06:00:00,3.08,100
2024-09-16 06:15:00,3.28,100
2024-09-16 06:30:00,3.1,100
2024-09-16 06:45:00,3.4,100
2024-09-16 07:00:00,4.39,100
2024-09-16 07:15:00,5.41,100
2024-09-16 07:30:00,5.3,100
2024-09-16 07:45:00,5.41,100
2024-09-16 08:00:00,9.38,100
2024-09-16 08:15:00,5.94,100
2024-09-16 08:30:00,6.8,100
2024-09-16 08:45:00,5.88,100
2024-09-16 09:00:00,6.26,100
2024-09-16 09:15:00,6.68,100
2024-09-16 09:30:00,6.87,100
2024-09-16 09:45:00,7.91,100
2024-09-16 10:00:00,7.53,100
2024-09-16 10:15:00,8.08,100
2024-09-16 10:30:00,7.6,100
2024-09-16 10:45:00,7.04,100
2024-09-16 11:00:00,7.61,100
2024-09-16 11:15:00,8.16,100
2024-09-16 11:30:00,7.45,100
2024-09-16 11:45:00,6.88,100
2024-09-16 12:00:00,7.48,100
2024-09-16 12:15:00,7.09,100
2024-09-16 12:30:00,7.8,100
2024-09-16 12:45:00,7.81,100
2024-09-16 13:00:00,7.7,100
2024-09-16 13:15:00,8.39,100
2024-09-16 13:30:00,9.68,100
2024-09-16 13:45:00,9.83,100
2024-09-16 14:00:00,10.8,100
2024-09-16 14:15:00,11.2,100
2024-09-16 14:30:00,12.11,100
2024-09-16 14:45:00,11.7,100
2024-09-16 15:00:00,11.09,100
2024-09-16 15:15:00,11,100
2024-09-16 15:30:00,12.39,100
2024-09-16 15:45:00,11.97,100
2024-09-16 16:00:00,11.23,100
2024-09-16 16:15:00,9.93,100
2024-09-16 16:30:00,9.64,100
2024-09-16 16:45:00,10.77,100
2024-09-16 17:00:00,10.14,100
2024-09-16 17:15:00,10.56,100
2024-09-16 17:30:00,11.88,100
2024-09-16 17:45:00,11.91,100
2024-09-16 18:00:00,11.52,100
2024-09-16 18:15:00,12.49,100
2024-09-16 18:30:00,12.2,100
2024-09-16 18:45:00,13.74,100
2024-09-16 19:00:00,13.58,100
2024-09-16 19:15:00,15.05,100
2024-09-16 19:30:00,15.91,100
2024-09-16 19:45:00,14.83,100
2024-09-16 20:00:00,14.65,100
2024-09-16 20:15:00,16.3,100
2024-09-16 20:30:00,18.87,100
2024-09-16 20:45:00,18.07,100
2024-09-16 21:00:00,19.09,100
2024-09-16 21:15:00,19.88,100
2024-09-16 21:30:00,21.27,100
2024-09-16 21:45:00,21.9,100
2024-09-16 22:00:00,22.55,100
2024-09-16 22:15:00,23.76,100
2024-09-16 22:30:00,23.21,100
2024-09-16 22:45:00,23.77,100
2024-09-16 23:00:00,19.6,100
2024-09-16 23:15:00,18.95,100
2024-09-16 23:30:00,18.15,100
2024-09-16 23:45:00,16.93,100
2024-09-17 00:00:00,15.93,100
2024-09-17 00:15:00,14.2,100
2024-09-17 00:30:00,11.84,100
2024-09-17 00:45:00,11.03,100
2024-09-17 01:00:00,9.38,100
2024-09-17 01:15:00,8.66,100
2024-09-17 01:30:00,7.42,100
2024-09-17 01:45:00,7.73,100
2024-09-17 02:00:00,6.68,100
2024-09-17 02:15:00,7.27,100
2024-09-17 02:30:00,5.74,100
2024-09-17 02:45:00,4.88,100
2024-09-17 03:00:00,4.45,100
2024-09-17 03:15:00,4.15,100
2024-09-17 03:30:00,3.82,100
2024-09-17 03:45:00,3.8,100
2024-09-17 04:00:00,3.4,100
2024-09-17 04:15:00,4.17,100
2024-09-17 04:30:00,3.75,100
2024-09-17 04:45:00,3.62,100
2024-09-17 05:00:00,3.78,100
2024-09-17 05:15:00,3.79,100
2024-09-17 05:30:00,3.57,100
2024-09-17 05:45:00,4,100
2024-09-17 06:00:00,3.73,100
2024-09-17 06:15:00,4.5,100
2024-09-17 06:30:00,4.93,100
2024-09-17 06:45:00,5.84,100
2024-09-17 07:00:00,4.74,100
2024-09-17 07:15:00,6.8,100
2024-09-17 07:30:00,6.35,100
2024-09-17 07:45:00,6.96,100
2024-09-17 08:00:00,9.79,100
2024-09-17 08:15:00,6.94,100
2024-09-17 08:30:00,6.72,100
2024-09-17 08:45:00,8.02,100
2024-09-17 09:00:00,7.98,100
2024-09-17 09:15:00,9.14,100
2024-09-17 09:30:00,7.5,100
2024-09-17 09:45:00,8.16,100
2024-09-17 10:00:00,7.58,100
2024-09-17 10:15:00,7.71,100
2024-09-17 10:30:00,7.76,100
2024-09-17 10:45:00,8.54,100
2024-09-17 11:00:00,8.86,100
2024-09-17 11:15:00,9.16,100
2024-09-17 11:30:00,7.75,100
2024-09-17 11:45:00,8.09,100
2024-09-17 12:00:00,9.61,100
2024-09-17 12:15:00,8.27,100
2024-09-17 12:30:00,8.96,100
2024-09-17 12:45:00,8.77,100
2024-09-17 13:00:00,8.53,100
2024-09-17 13:15:00,8.82,100
2024-09-17 13:30:00,9.81,100
2024-09-17 13:45:00,12.29,100
2024-09-17 14:00:00,12.67,100
2024-09-17 14:15:00,11.38,100
2024-09-17 14:30:00,11.13,100
2024-09-17 14:45:00,12.16,100
2024-09-17 15:00:00,13.95,100
2024-09-17 15:15:00,15.2,100
2024-09-17 15:30:00,12.34,100
2024-09-17 15:45:00,13.25,100
2024-09-17 16:00:00,12.14,100
2024-09-17 16:15:00,11.19,100
2024-09-17 16:30:00,12.1,100
2024-09-17 16:45:00,12.9,100
2024-09-17 17:00:00,12.67,100
2024-09-17 17:15:00,11.63,100
2024-09-17 17:30:00,11.82,100
2024-09-17 17:45:00,12.38,100
2024-09-17 18:00:00,13.06,100
2024-09-17 18:15:00,12.53,100
2024-09-17 18:30:00,14.31,100
2024-09-17 18:45:00,13.75,100
2024-09-17 19:00:00,14.97,100
2024-09-17 19:15:00,16.67,100
2024-09-17 19:30:00,16,100
2024-09-17 19:45:00,15.52,100
2024-09-17 20:00:00,16.36,100
2024-09-17 20:15:00,16.41,100
2024-09-17 20:30:00,18.62,100
2024-09-17 20:45:00,16.75,100
2024-09-17 21:00:00,18.31,100
2024-09-17 21:15:00,19.69,100
2024-09-17 21:30:00,21,100
2024-09-17 21:45:00,21.64,100
2024-09-17 22:00:00,20.25,100
2024-09-17 22:15:00,21.44,100
2024-09-17 22:30:00,21.63,100
2024-09-17 22:45:00,20.48,100
2024-09-17 23:00:00,18.86,100
2024-09-17 23:15:00,19.52,100
2024-09-17 23:30:00,17.08,100
2024-09-17 23:45:00,16.74,100
2024-09-18 00:00:00,15.26,100
2024-09-18 00:15:00,15.44,100
2024-09-18 00:30:00,13.16,100
2024-09-18 00:45:00,11.54,100
2024-09-18 01:00:00,9.86,100
2024-09-18 01:15:00,8.87,100
2024-09-18 01:30:00,7.59,100
2024-09-18 01:45:00,8.26,100
2024-09-18 02:00:00,6.55,100
2024-09-18 02:15:00,6.57,100
2024-09-18 02:30:00,5.91,100
2024-09-18 02:45:00,5.26,100
2024-09-18 03:00:00,5.37,100
2024-09-18 03:15:00,5.08,100
2024-09-18 03:30:00,4.64,100
2024-09-18 03:45:00,4.33,100
2024-09-18 04:00:00,4.22,100
2024-09-18 04:15:00,2.71,100
2024-09-18 04:30:00,3.97,100
2024-09-18 04:45:00,3.67,100
2024-09-18 05:00:00,3.79,100
2024-09-18 05:15:00,3.77,100
2024-09-18 05:30:00,4.34,100
2024-09-18 05:45:00,4,100
2024-09-18 06:00:00,4.65,100
2024-09-18 06:15:00,5.22,100
2024-09-18 06:30:00,5.67,100
2024-09-18 06:45:00,7.91,100
2024-09-18 07:00:00,6.76,100
2024-09-18 07:15:00,6.37,100
2024-09-18 07:30:00,6.62,100
2024-09-18 07:45:00,7.06,100
2024-09-18 08:00:00,11.73,100
2024-09-18 08:15:00,6.99,100
2024-09-18 08:30:00,6.63,100
2024-09-18 08:45:00,6.3,100
2024-09-18 09:00:00,6.79,100
2024-09-18 09:15:00,8.24,100
2024-09-18 09:30:00,7.74,100
2024-09-18 09:45:00,8.15,100
2024-09-18 10:00:00,9.05,100
2024-09-18 10:15:00,8.85,100
2024-09-18 10:30:00,9.57,100
2024-09-18 10:45:00,8.22,100
2024-09-18 11:00:00,8.92,100
2024-09-18 11:15:00,8.51,100
2024-09-18 11:30:00,8.68,100
2024-09-18 11:45:00,8.99,100
2024-09-18 12:00:00,9.29,100
2024-09-18 12:15:00,8.21,100
2024-09-18 12:30:00,8.72,100
2024-09-18 12:45:00,9.71,100
2024-09-18 13:00:00,8.72,100
2024-09-18 13:15:00,9.41,100
2024-09-18 13:30:00,9.65,100
2024-09-18 13:45:00,9.86,100
2024-09-18 14:00:00,10.61,100
2024-09-18 14:15:00,10.62,100
2024-09-18 14:30:00,13.11,100
2024-09-18 14:45:00,11.22,100
2024-09-18 15:00:00,11.57,100
2024-09-18 15:15:00,12.65,100
2024-09-18 15:30:00,13.45,100
2024-09-18 15:45:00,12.34,100
2024-09-18 16:00:00,11.91,100
2024-09-18 16:15:00,12.97,100
2024-09-18 16:30:00,11.39,100
2024-09-18 16:45:00,12.54,100
2024-09-18 17:00:00,12.49,100
2024-09-18 17:15:00,13.03,100
2024-09-18 17:30:00,13.95,100
2024-09-18 17:45:00,14.01,100
2024-09-18 18:00:00,13.47,100
2024-09-18 18:15:00,14.34,100
2024-09-18 18:30:00,14.17,100
2024-09-18 18:45:00,14.89,100
2024-09-18 19:00:00,14.93,100
2024-09-18 19:15:00,14.47,100
2024-09-18 19:30:00,15.61,100
2024-09-18 19:45:00,16.23,100
2024-09-18 20:00:00,16.44,100
2024-09-18 20:15:00,16.26,100
2024-09-18 20:30:00,16.95,100
2024-09-18 20:45:00,20.42,100
2024-09-18 21:00:00,24.59,100
2024-09-18 21:15:00,29.16,100
2024-09-18 21:30:00,30.22,100
2024-09-18 21:45:00,30.47,100
2024-09-18 22:00:00,30.25,100
2024-09-18 22:15:00,30.88,100
2024-09-18 22:30:00,30.47,100
2024-09-18 22:45:00,30.36,100
2024-09-18 23:00:00,29.68,100
2024-09-18 23:15:00,24.84,100
2024-09-18 23:30:00,21.18,100
2024-09-18 23:45:00,18.38,100
2024-09-19 00:00:00,17.8,100
2024-09-19 00:15:00,16.73,100
2024-09-19 00:30:00,12.63,100
2024-09-19 00:45:00,10.39,100
2024-09-19 01:00:00,9.53,100
2024-09-19 01:15:00,9.26,100
2024-09-19 01:30:00,7.45,100
2024-09-19 01:45:00,6.35,100
2024-09-19 02:00:00,6.41,100
2024-09-19 02:15:00,6.92,100
2024-09-19 02:30:00,7.47,100
2024-09-19 02:45:00,5.37,100
2024-09-19 03:00:00,4.89,100
2024-09-19 03:15:00,5.75,100
2024-09-19 03:30:00,4.19,100
2024-09-19 03:45:00,4.08,100
2024-09-19 04:00:00,4.41,100
2024-09-19 04:15:00,4.8,100
2024-09-19 04:30:00,3.53,100
2024-09-19 04:45:00,4.19,100
2024-09-19 05:00:00,3.96,100
2024-09-19 05:15:00,4.3,100
2024-09-19 05:30:00,4.62,100
2024-09-19 05:45:00,4.38,100
2024-09-19 06:00:00,4.68,100
2024-09-19 06:15:00,5.34,100
2024-09-19 06:30:00,4.52,100
2024-09-19 06:45:00,5.54,100
2024-09-19 07:00:00,6.82,100
2024-09-19 07:15:00,6.23,100
2024-09-19 07:30:00,6.46,100
2024-09-19 07:45:00,6.57,100
2024-09-19 08:00:00,6.26,100
2024-09-19 08:15:00,7.38,100
2024-09-19 08:30:00,7.24,100
2024-09-19 08:45:00,6.88,100
2024-09-19 09:00:00,6.81,100
2024-09-19 09:15:00,7.33,100
2024-09-19 09:30:00,9.37,100
2024-09-19 09:45:00,8.35,100
2024-09-19 10:00:00,7.29,100
2024-09-19 10:15:00,7.35,100
2024-09-19 10:30:00,7.33,100
2024-09-19 10:45:00,7.94,100
2024-09-19 11:00:00,7.96,100
2024-09-19 11:15:00,8.29,100
2024-09-19 11:30:00,8.51,100
2024-09-19 11:45:00,9.3,100
2024-09-19 12:00:00,9.57,100
2024-09-19 12:15:00,8.6,100
2024-09-19 12:30:00,8.68,100
2024-09-19 12:45:00,7.46,100
2024-09-19 13:00:00,9.3,100
2024-09-19 13:15:00,10.66,100
2024-09-19 13:30:00,8.77,100
2024-09-19 13:45:00,9.5,100
2024-09-19 14:00:00,10.76,100
2024-09-19 14:15:00,11.24,100
2024-09-19 14:30:00,11.49,100
2024-09-19 14:45:00,11.58,100
2024-09-19 15:00:00,11.74,100
2024-09-19 15:15:00,11.38,100
2024-09-19 15:30:00,12.7,100
2024-09-19 15:45:00,11.4,100
2024-09-19 16:00:00,12.21,100
2024-09-19 16:15:00,12.36,100
2024-09-19 16:30:00,12.35,100
2024-09-19 16:45:00,11.82,100
2024-09-19 17:00:00,10.84,100
2024-09-19 17:15:00,11.22,100
2024-09-19 17:30:00,11.27,100
2024-09-19 17:45:00,11.55,100
2024-09-19 18:00:00,10.99,100
2024-09-19 18:15:00,11.91,100
2024-09-19 18:30:00,11.78,100
2024-09-19 18:45:00,11.83,100
2024-09-19 19:00:00,12.45,100
2024-09-19 19:15:00,12.45,100
2024-09-19 19:30:00,12.91,100
2024-09-19 19:45:00,13.41,100
2024-09-19 20:00:00,12.22,100
2024-09-19 20:15:00,13.22,100
2024-09-19 20:30:00,14.35,100
2024-09-19 20:45:00,15.29,100
2024-09-19 21:00:00,16.23,100
2024-09-19 21:15:00,16.34,100
2024-09-19 21:30:00,18.74,100
2024-09-19 21:45:00,20.47,100
2024-09-19 22:00:00,21.43,100
2024-09-19 22:15:00,21.77,100
2024-09-19 22:30:00,20.15,100
2024-09-19 22:45:00,19.23,100
2024-09-19 23:00:00,18.46,100
2024-09-19 23:15:00,17.25,100
2024-09-19 23:30:00,16.94,100
2024-09-19 23:45:00,16.32,100
2024-09-20 00:00:00,15.36,100
2024-09-20 00:15:00,14,100
2024-09-20 00:30:00,12.36,100
2024-09-20 00:45:00,10.04,100
2024-09-20 01:00:00,9.57,100
2024-09-20 01:15:00,8.23,100
2024-09-20 01:30:00,7.05,100
2024-09-20 01:45:00,6.51,100
2024-09-20 02:00:00,6,100
2024-09-20 02:15:00,6.36,100
2024-09-20 02:30:00,5.97,100
2024-09-20 02:45:00,5.24,100
2024-09-20 03:00:00,5.34,100
2024-09-20 03:15:00,5.11,100
2024-09-20 03:30:00,4.17,100
2024-09-20 03:45:00,4.55,100
2024-09-20 04:00:00,4.03,100
2024-09-20 04:15:00,4.66,100
2024-09-20 04:30:00,3.29,100
2024-09-20 04:45:00,3.81,100
2024-09-20 05:00:00,4.09,100
2024-09-20 05:15:00,3.83,100
2024-09-20 05:30:00,3.54,100
2024-09-20 05:45:00,3.33,100
2024-09-20 06:00:00,3.67,100
2024-09-20 06:15:00,4.23,100
2024-09-20 06:30:00,4.06,100
2024-09-20 06:45:00,5.29,100
2024-09-20 07:00:00,5,100
2024-09-20 07:15:00,6.79,100
2024-09-20 07:30:00,6.44,100
2024-09-20 07:45:00,6.03,100
2024-09-20 08:00:00,9.76,100
2024-09-20 08:15:00,6.57,100
2024-09-20 08:30:00,7.08,100
2024-09-20 08:45:00,6.95,100
2024-09-20 09:00:00,7.57,100
2024-09-20 09:15:00,8.45,100
2024-09-20 09:30:00,8.4,100
2024-09-20 09:45:00,8.64,100
2024-09-20 10:00:00,8.82,100
2024-09-20 10:15:00,9.55,100
2024-09-20 10:30:00,8.76,100
2024-09-20 10:45:00,9.74,100
2024-09-20 11:00:00,8.09,100
2024-09-20 11:15:00,8.47,100
2024-09-20 11:30:00,8.99,100
2024-09-20 11:45:00,8.66,100
2024-09-20 12:00:00,9.3,100
2024-09-20 12:15:00,12.1,100
2024-09-20 12:30:00,9.49,100
2024-09-20 12:45:00,9.66,100
2024-09-20 13:00:00,9.59,100
2024-09-20 13:15:00,10.21,100
2024-09-20 13:30:00,11.61,100
2024-09-20 13:45:00,11.58,100
2024-09-20 14:00:00,11.04,100
2024-09-20 14:15:00,12.86,100
2024-09-20 14:30:00,12.58,100
2024-09-20 14:45:00,12.42,100
2024-09-20 15:00:00,13.46,100
2024-09-20 15:15:00,14.41,100
2024-09-20 15:30:00,12.83,100
2024-09-20 15:45:00,11.9,100
2024-09-20 16:00:00,12.03,100
2024-09-20 16:15:00,13.21,100
2024-09-20 16:30:00,11.99,100
2024-09-20 16:45:00,11.22,100
2024-09-20 17:00:00,10.61,100
2024-09-20 17:15:00,13.01,100
2024-09-20 17:30:00,11.99,100
2024-09-20 17:45:00,11.22,100
2024-09-20 18:00:00,11.88,100
2024-09-20 18:15:00,11.08,100
2024-09-20 18:30:00,11.77,100
2024-09-20 18:45:00,12.54,100
2024-09-20 19:00:00,16.97,100
2024-09-20 19:15:00,13.55,100
2024-09-20 19:30:00,13.62,100
2024-09-20 19:45:00,13.61,100
2024-09-20 20:00:00,13.9,100
2024-09-20 20:15:00,13.96,100
2024-09-20 20:30:00,15.81,100
2024-09-20 20:45:00,14.86,100
2024-09-20 21:00:00,16.76,100
2024-09-20 21:15:00,17.84,100
2024-09-20 21:30:00,16.75,100
2024-09-20 21:45:00,17.13,100
2024-09-20 22:00:00,18.07,100
2024-09-20 22:15:00,18.3,100
2024-09-20 22:30:00,18.19,100
2024-09-20 22:45:00,16.98,100
2024-09-20 23:00:00,17.37,100
2024-09-20 23:15:00,16.94,100
2024-09-20 23:30:00,16.05,100
2024-09-20 23:45:00,13.68,100
2024-09-21 00:00:00,13.11,100
2024-09-21 00:15:00,13.14,100
2024-09-21 00:30:00,11.52,100
2024-09-21 00:45:00,10.65,100
2024-09-21 01:00:00,10.52,100
2024-09-21 01:15:00,8.97,100
2024-09-21 01:30:00,8.38,100
2024-09-21 01:45:00,7.22,100
2024-09-21 02:00:00,6.8,100
2024-09-21 02:15:00,7.1,100
2024-09-21 02:30:00,5.8,100
2024-09-21 02:45:00,5.85,100
2024-09-21 03:00:00,5.11,100
2024-09-21 03:15:00,5.76,100
2024-09-21 03:30:00,5.21,100
2024-09-21 03:45:00,4.24,100
2024-09-21 04:00:00,4.31,100
2024-09-21 04:15:00,4.32,100
2024-09-21 04:30:00,3.71,100
2024-09-21 04:45:00,3.69,100
2024-09-21 05:00:00,3.82,100
2024-09-21 05:15:00,3.46,100
2024-09-21 05:30:00,4.15,100
2024-09-21 05:45:00,3.65,100
2024-09-21 06:00:00,3.48,100
2024-09-21 06:15:00,4.35,100
2024-09-21 06:30:00,3.39,100
2024-09-21 06:45:00,3.9,100
2024-09-21 07:00:00,3.77,100
2024-09-21 07:15:00,4.16,100
2024-09-21 07:30:00,5.86,100
2024-09-21 07:45:00,5.89,100
2024-09-21 08:00:00,5.06,100
2024-09-21 08:15:00,6.11,100
2024-09-21 08:30:00,5.51,100
2024-09-21 08:45:00,6.74,100
2024-09-21 09:00:00,7.35,100
2024-09-21 09:15:00,7.63,100
2024-09-21 09:30:00,8.32,100
2024-09-21 09:45:00,9.39,100
2024-09-21 10:00:00,8.7,100
2024-09-21 10:15:00,8.85,100
2024-09-21 10:30:00,10.14,100
2024-09-21 10:45:00,9.7,100
2024-09-21 11:00:00,10.22,100
2024-09-21 11:15:00,10.15,100
2024-09-21 11:30:00,9.93,100
2024-09-21 11:45:00,9.87,100
2024-09-21 12:00:00,8.99,100
2024-09-21 12:15:00,11.06,100
2024-09-21 12:30:00,10.71,100
2024-09-21 12:45:00,10.64,100
2024-09-21 13:00:00,11.25,100
2024-09-21 13:15:00,10.18,100
2024-09-21 13:30:00,11.27,100
2024-09-21 13:45:00,12.89,100
2024-09-21 14:00:00,13.66,100
2024-09-21 14:15:00,13.89,100
2024-09-21 14:30:00,13.09,100
2024-09-21 14:45:00,13.45,100
2024-09-21 15:00:00,13.78,100
2024-09-21 15:15:00,14.63,100
2024-09-21 15:30:00,13.98,100
2024-09-21 15:45:00,13.98,100
2024-09-21 16:00:00,13.78,100
2024-09-21 16:15:00,14.26,100
2024-09-21 16:30:00,13.81,100
2024-09-21 16:45:00,14.42,100
2024-09-21 17:00:00,13.46,100
2024-09-21 17:15:00,13.32,100
2024-09-21 17:30:00,13.29,100
2024-09-21 17:45:00,13.56,100
2024-09-21 18:00:00,14.02,100
2024-09-21 18:15:00,16.53,100
2024-09-21 18:30:00,16.76,100
2024-09-21 18:45:00,16.54,100
2024-09-21 19:00:00,16.67,100
2024-09-21 19:15:00,16.69,100
2024-09-21 19:30:00,16.42,100
2024-09-21 19:45:00,18.07,100
2024-09-21 20:00:00,18.49,100
2024-09-21 20:15:00,15.76,100
2024-09-21 20:30:00,14.14,100
2024-09-21 20:45:00,13.74,100
2024-09-21 21:00:00,16.31,100
2024-09-21 21:15:00,15.69,100
2024-09-21 21:30:00,15.34,100
2024-09-21 21:45:00,16.52,100
2024-09-21 22:00:00,16.8,100
2024-09-21 22:15:00,16.03,100
2024-09-21 22:30:00,15.86,100
2024-09-21 22:45:00,16.63,100
2024-09-21 23:00:00,15.41,100
2024-09-21 23:15:00,14.53,100
2024-09-21 23:30:00,14.46,100
2024-09-21 23:45:00,13.33,100
2024-09-22 00:00:00,12.49,100
2024-09-22 00:15:00,13.16,100
2024-09-22 00:30:00,11.75,100
2024-09-22 00:45:00,11.76,100
2024-09-22 01:00:00,10.01,100
2024-09-22 01:15:00,9.15,100
2024-09-22 01:30:00,8.26,100
2024-09-22 01:45:00,7.63,100
2024-09-22 02:00:00,6.39,100
2024-09-22 02:15:00,6.76,100
2024-09-22 02:30:00,5.38,100
2024-09-22 02:45:00,5.59,100
2024-09-22 03:00:00,5.06,100
2024-09-22 03:15:00,4.68,100
2024-09-22 03:30:00,4.29,100
2024-09-22 03:45:00,4.08,100
2024-09-22 04:00:00,4.19,100
2024-09-22 04:15:00,3.6,100
2024-09-22 04:30:00,3.44,100
2024-09-22 04:45:00,3.45,100
2024-09-22 05:00:00,2.96,100
2024-09-22 05:15:00,3.21,100
2024-09-22 05:30:00,3.33,100
2024-09-22 05:45:00,2.48,100
2024-09-22 06:00:00,2.75,100
2024-09-22 06:15:00,3.19,100
2024-09-22 06:30:00,2.92,100
2024-09-22 06:45:00,2.5,100
2024-09-22 07:00:00,2.51,100
2024-09-22 07:15:00,3.48,100
2024-09-22 07:30:00,3.76,100
2024-09-22 07:45:00,3.65,100
2024-09-22 08:00:00,7.35,100
2024-09-22 08:15:00,5.59,100
2024-09-22 08:30:00,5.74,100
2024-09-22 08:45:00,6.86,100
2024-09-22 09:00:00,7.25,100
2024-09-22 09:15:00,6.89,100
2024-09-22 09:30:00,7.96,100
2024-09-22 09:45:00,9.84,100
2024-09-22 10:00:00,8.76,100
2024-09-22 10:15:00,9.57,100
2024-09-22 10:30:00,9.67,100
2024-09-22 10:45:00,10.43,100
2024-09-22 11:00:00,10.14,100
2024-09-22 11:15:00,9.26,100
2024-09-22 11:30:00,10.18,100
2024-09-22 11:45:00,9.81,100
2024-09-22 12:00:00,10.39,100
2024-09-22 12:15:00,11,100
2024-09-22 12:30:00,11.46,100
2024-09-22 12:45:00,11.07,100
2024-09-22 13:00:00,11.68,100
2024-09-22 13:15:00,12.27,100
2024-09-22 13:30:00,12.06,100
2024-09-22 13:45:00,14.15,100
2024-09-22 14:00:00,14.71,100
2024-09-22 14:15:00,15.12,100
2024-09-22 14:30:00,15.24,100
2024-09-22 14:45:00,14.59,100
2024-09-22 15:00:00,14.47,100
2024-09-22 15:15:00,15.32,100
2024-09-22 15:30:00,16.78,100
2024-09-22 15:45:00,15.81,100
2024-09-22 16:00:00,14.69,100
2024-09-22 16:15:00,14.07,100
2024-09-22 16:30:00,14.38,100
2024-09-22 16:45:00,13.98,100
2024-09-22 17:00:00,14.38,100
2024-09-22 17:15:00,13.75,100
2024-09-22 17:30:00,13.17,100
2024-09-22 17:45:00,14.23,100
2024-09-22 18:00:00,14.98,100
2024-09-22 18:15:00,15.43,100
2024-09-22 18:30:00,14.69,100
2024-09-22 18:45:00,17.59,100
2024-09-22 19:00:00,17.46,100
2024-09-22 19:15:00,15.79,100
2024-09-22 19:30:00,16.09,100
2024-09-22 19:45:00,15.8,100
2024-09-22 20:00:00,17.43,100
2024-09-22 20:15:00,16.85,100
2024-09-22 20:30:00,17.86,100
2024-09-22 20:45:00,21.71,100
2024-09-22 21:00:00,24.09,100
2024-09-22 21:15:00,25.28,100
2024-09-22 21:30:00,25.9,100
2024-09-22 21:45:00,26.69,100
2024-09-22 22:00:00,27.58,100
2024-09-22 22:15:00,27.47,100
2024-09-22 22:30:00,27.13,100
2024-09-22 22:45:00,26.9,100
2024-09-22 23:00:00,23.42,100
2024-09-22 23:15:00,20.15,100
2024-09-22 23:30:00,18.17,100
2024-09-22 23:45:00,18.22,100
2024-09-23 00:00:00,15.98,100
2024-09-23 00:15:00,15.95,100
2024-09-23 00:30:00,13.5,100
2024-09-23 00:45:00,11.96,100
2024-09-23 01:00:00,11.89,100
2024-09-23 01:15:00,10.3,100
2024-09-23 01:30:00,8.41,100
2024-09-23 01:45:00,7.05,100
2024-09-23 02:00:00,6.23,100
2024-09-23 02:15:00,6.71,100
2024-09-23 02:30:00,5.6,100
2024-09-23 02:45:00,4.58,100
2024-09-23 03:00:00,4.59,100
2024-09-23 03:15:00,4.6,100
2024-09-23 03:30:00,3.81,100
2024-09-23 03:45:00,3.31,100
2024-09-23 04:00:00,3.9,100
2024-09-23 04:15:00,3.18,100
2024-09-23 04:30:00,3.13,100
2024-09-23 04:45:00,3.17,100
2024-09-23 05:00:00,2.75,100
2024-09-23 05:15:00,3.64,100
2024-09-23 05:30:00,2.41,100
2024-09-23 05:45:00,2.7,100
2024-09-23 06:00:00,2.88,100
2024-09-23 06:15:00,3.47,100
2024-09-23 06:30:00,3.39,100
2024-09-23 06:45:00,3.52,100
2024-09-23 07:00:00,4,100
2024-09-23 07:15:00,4.68,100
2024-09-23 07:30:00,5.82,100
2024-09-23 07:45:00,5.94,100
2024-09-23 08:00:00,6.44,100
2024-09-23 08:15:00,6.17,100
2024-09-23 08:30:00,5.98,100
2024-09-23 08:45:00,7.14,100
2024-09-23 09:00:00,6.49,100
2024-09-23 09:15:00,7.97,100
2024-09-23 09:30:00,7.92,100
2024-09-23 09:45:00,8.25,100
2024-09-23 10:00:00,8.55,100
2024-09-23 10:15:00,7.54,100
2024-09-23 10:30:00,7.64,100
2024-09-23 10:45:00,8.09,100
2024-09-23 11:00:00,8.37,100
2024-09-23 11:15:00,8.31,100
2024-09-23 11:30:00,7.7,100
2024-09-23 11:45:00,8.37,100
2024-09-23 12:00:00,9.12,100
2024-09-23 12:15:00,8.46,100
2024-09-23 12:30:00,9.64,100
2024-09-23 12:45:00,8.64,100
2024-09-23 13:00:00,8.66,100
2024-09-23 13:15:00,9.36,100
2024-09-23 13:30:00,9,100
2024-09-23 13:45:00,10.14,100
2024-09-23 14:00:00,10.29,100
2024-09-23 14:15:00,11.49,100
2024-09-23 14:30:00,11.88,100
2024-09-23 14:45:00,12.1,100
2024-09-23 15:00:00,11.5,100
2024-09-23 15:15:00,11.76,100
2024-09-23 15:30:00,11.84,100
2024-09-23 15:45:00,11.73,100
2024-09-23 16:00:00,12.55,100
2024-09-23 16:15:00,12.61,100
2024-09-23 16:30:00,12.46,100
2024-09-23 16:45:00,11.47,100
2024-09-23 17:00:00,12.44,100
2024-09-23 17:15:00,12.58,100
2024-09-23 17:30:00,12.99,100
2024-09-23 17:45:00,14.31,100
2024-09-23 18:00:00,13.73,100
2024-09-23 18:15:00,14.53,100
2024-09-23 18:30:00,16.27,100
2024-09-23 18:45:00,14.02,100
2024-09-23 19:00:00,13.37,100
2024-09-23 19:15:00,13.45,100
2024-09-23 19:30:00,15.47,100
2024-09-23 19:45:00,15.34,100
2024-09-23 20:00:00,15.35,100
2024-09-23 20:15:00,15.35,100
2024-09-23 20:30:00,15.58,100
2024-09-23 20:45:00,17.73,100
2024-09-23 21:00:00,19.78,100
2024-09-23 21:15:00,20.27,100
2024-09-23 21:30:00,20.71,100
2024-09-23 21:45:00,23.75,100
2024-09-23 22:00:00,22.56,100
2024-09-23 22:15:00,21.7,100
2024-09-23 22:30:00,21.87,100
2024-09-23 22:45:00,22.04,100
2024-09-23 23:00:00,22.32,100
2024-09-23 23:15:00,21.25,100
2024-09-23 23:30:00,18.48,100
2024-09-23 23:45:00,16.31,100
2024-09-24 00:00:00,15.02,100
2024-09-24 00:15:00,13.95,100
2024-09-24 00:30:00,12.52,100
2024-09-24 00:45:00,11.48,100
2024-09-24 01:00:00,9.72,100
2024-09-24 01:15:00,10.64,100
2024-09-24 01:30:00,7.62,100
2024-09-24 01:45:00,6.31,100
2024-09-24 02:00:00,6.35,100
2024-09-24 02:15:00,5.98,100
2024-09-24 02:30:00,5.25,100
2024-09-24 02:45:00,5.5,100
2024-09-24 03:00:00,4.56,100
2024-09-24 03:15:00,3.77,100
2024-09-24 03:30:00,3.94,100
2024-09-24 03:45:00,3.42,100
2024-09-24 04:00:00,3.68,100
2024-09-24 04:15:00,4.12,100
2024-09-24 04:30:00,3.62,100
2024-09-24 04:45:00,3.16,100
2024-09-24 05:00:00,3.19,100
2024-09-24 05:15:00,3.37,100
2024-09-24 05:30:00,3.33,100
2024-09-24 05:45:00,3.26,100
2024-09-24 06:00:00,3.22,100
2024-09-24 06:15:00,3.61,100
2024-09-24 06:30:00,3.8,100
2024-09-24 06:45:00,3.58,100
2024-09-24 07:00:00,4.79,100
2024-09-24 07:15:00,4.93,100
2024-09-24 07:30:00,5.88,100
2024-09-24 07:45:00,5.84,100
2024-09-24 08:00:00,5.95,100
2024-09-24 08:15:00,5.89,100
2024-09-24 08:30:00,5.74,100
2024-09-24 08:45:00,6.35,100
2024-09-24 09:00:00,7.1,100
2024-09-24 09:15:00,8.19,100
2024-09-24 09:30:00,7.82,100
2024-09-24 09:45:00,8.12,100
2024-09-24 10:00:00,9.21,100
2024-09-24 10:15:00,7.65,100
2024-09-24 10:30:00,7.23,100
2024-09-24 10:45:00,7.55,100
2024-09-24 11:00:00,7.39,100
2024-09-24 11:15:00,7.22,100
2024-09-24 11:30:00,8.27,100
2024-09-24 11:45:00,8.36,100
2024-09-24 12:00:00,7.87,100
2024-09-24 12:15:00,7.66,100
2024-09-24 12:30:00,7.49,100
2024-09-24 12:45:00,7.33,100
2024-09-24 13:00:00,7.89,100
2024-09-24 13:15:00,8.65,100
2024-09-24 13:30:00,8.4,100
2024-09-24 13:45:00,10.2,100
2024-09-24 14:00:00,11.62,100
2024-09-24 14:15:00,11.14,100
2024-09-24 14:30:00,11.95,100
2024-09-24 14:45:00,10.75,100
2024-09-24 15:00:00,10.6,100
2024-09-24 15:15:00,11.25,100
2024-09-24 15:30:00,11.5,100
2024-09-24 15:45:00,11.03,100
2024-09-24 16:00:00,11.03,100
2024-09-24 16:15:00,10.64,100
2024-09-24 16:30:00,10.49,100
2024-09-24 16:45:00,10.13,100
2024-09-24 17:00:00,11,100
2024-09-24 17:15:00,11.8,100
2024-09-24 17:30:00,11.31,100
2024-09-24 17:45:00,10.97,100
2024-09-24 18:00:00,10.34,100
2024-09-24 18:15:00,11.96,100
2024-09-24 18:30:00,12.8,100
2024-09-24 18:45:00,12.46,100
2024-09-24 19:00:00,11.7,100
2024-09-24 19:15:00,12.47,100
2024-09-24 19:30:00,13.24,100
2024-09-24 19:45:00,15.48,100
2024-09-24 20:00:00,12.59,100
2024-09-24 20:15:00,13.73,100
2024-09-24 20:30:00,14.16,100
2024-09-24 20:45:00,16.67,100
2024-09-24 21:00:00,18.42,100
2024-09-24 21:15:00,18.59,100
2024-09-24 21:30:00,22.22,100
2024-09-24 21:45:00,21.44,100
2024-09-24 22:00:00,21.03,100
2024-09-24 22:15:00,22.12,100
2024-09-24 22:30:00,21.3,100
2024-09-24 22:45:00,20.82,100
2024-09-24 23:00:00,19.29,100
2024-09-24 23:15:00,17.72,100
2024-09-24 23:30:00,17.36,100
2024-09-24 23:45:00,15.75,100
2024-09-25 00:00:00,14.67,100
2024-09-25 00:15:00,14.24,100
2024-09-25 00:30:00,12.29,100
2024-09-25 00:45:00,11.15,100
2024-09-25 01:00:00,9.39,100
2024-09-25 01:15:00,9.12,100
2024-09-25 01:30:00,8.11,100
2024-09-25 01:45:00,7.37,100
2024-09-25 02:00:00,6.27,100
2024-09-25 02:15:00,5.98,100
2024-09-25 02:30:00,5.44,100
2024-09-25 02:45:00,5.02,100
2024-09-25 03:00:00,4.93,100
2024-09-25 03:15:00,4.65,100
2024-09-25 03:30:00,4.91,100
2024-09-25 03:45:00,3.89,100
2024-09-25 04:00:00,4.66,100
2024-09-25 04:15:00,3.61,100
2024-09-25 04:30:00,5.06,100
2024-09-25 04:45:00,3.41,100
2024-09-25 05:00:00,3.63,100
2024-09-25 05:15:00,3.87,100
2024-09-25 05:30:00,3.7,100
2024-09-25 05:45:00,3.7,100
2024-09-25 06:00:00,3.65,100
2024-09-25 06:15:00,4.26,100
2024-09-25 06:30:00,4,100
2024-09-25 06:45:00,4.41,100
2024-09-25 07:00:00,5.05,100
2024-09-25 07:15:00,6.39,100
2024-09-25 07:30:00,6.96,100
2024-09-25 07:45:00,5.6,100
2024-09-25 08:00:00,5.98,100
2024-09-25 08:15:00,5.96,100
2024-09-25 08:30:00,7.56,100
2024-09-25 08:45:00,6.67,100
2024-09-25 09:00:00,8.1,100
2024-09-25 09:15:00,7.32,100
2024-09-25 09:30:00,7.07,100
2024-09-25 09:45:00,8,100
2024-09-25 10:00:00,8.6,100
2024-09-25 10:15:00,10.61,100
2024-09-25 10:30:00,8.98,100
2024-09-25 10:45:00,8.77,100
2024-09-25 11:00:00,9.07,100
2024-09-25 11:15:00,8.28,100
2024-09-25 11:30:00,9.21,100
2024-09-25 11:45:00,8.11,100
2024-09-25 12:00:00,8.06,100
2024-09-25 12:15:00,7.45,100
2024-09-25 12:30:00,8.58,100
2024-09-25 12:45:00,8.65,100
2024-09-25 13:00:00,7.87,100
2024-09-25 13:15:00,9.16,100
2024-09-25 13:30:00,8.72,100
2024-09-25 13:45:00,9.69,100
2024-09-25 14:00:00,10.91,100
2024-09-25 14:15:00,10.91,100
2024-09-25 14:30:00,10.83,100
2024-09-25 14:45:00,11.31,100
2024-09-25 15:00:00,10.65,100
2024-09-25 15:15:00,10.42,100
2024-09-25 15:30:00,11.34,100
2024-09-25 15:45:00,10.99,100
2024-09-25 16:00:00,11.63,100
2024-09-25 16:15:00,12.03,100
2024-09-25 16:30:00,11.88,100
2024-09-25 16:45:00,12.18,100
2024-09-25 17:00:00,12.23,100
2024-09-25 17:15:00,14.24,100
2024-09-25 17:30:00,12.66,100
2024-09-25 17:45:00,11.5,100
2024-09-25 18:00:00,11.97,100
2024-09-25 18:15:00,13.73,100
2024-09-25 18:30:00,13.39,100
2024-09-25 18:45:00,12.61,100
2024-09-25 19:00:00,12.31,100
2024-09-25 19:15:00,12.32,100
2024-09-25 19:30:00,12.18,100
2024-09-25 19:45:00,13,100
2024-09-25 20:00:00,13.33,100
2024-09-25 20:15:00,12.85,100
2024-09-25 20:30:00,13.69,100
2024-09-25 20:45:00,17.05,100
2024-09-25 21:00:00,17.31,100
2024-09-25 21:15:00,17.79,100
2024-09-25 21:30:00,18.59,100
2024-09-25 21:45:00,19.35,100
2024-09-25 22:00:00,18.93,100
2024-09-25 22:15:00,19.9,100
2024-09-25 22:30:00,19.33,100
2024-09-25 22:45:00,19.87,100
2024-09-25 23:00:00,19.31,100
2024-09-25 23:15:00,17.68,100
2024-09-25 23:30:00,15.44,100
2024-09-25 23:45:00,15.27,100
2024-09-26 00:00:00,14.51,100
2024-09-26 00:15:00,14.01,100
2024-09-26 00:30:00,13.16,100
2024-09-26 00:45:00,10.97,100
2024-09-26 01:00:00,9.61,100
2024-09-26 01:15:00,9.32,100
2024-09-26 01:30:00,8.02,100
2024-09-26 01:45:00,6.53,100
2024-09-26 02:00:00,6.12,100
2024-09-26 02:15:00,5.77,100
2024-09-26 02:30:00,5.55,100
2024-09-26 02:45:00,5.14,100
2024-09-26 03:00:00,4.64,100
2024-09-26 03:15:00,4.48,100
2024-09-26 03:30:00,4.14,100
2024-09-26 03:45:00,4.29,100
2024-09-26 04:00:00,3.53,100
2024-09-26 04:15:00,4.41,100
2024-09-26 04:30:00,3.24,100
2024-09-26 04:45:00,3.68,100
2024-09-26 05:00:00,3.5,100
2024-09-26 05:15:00,3.3,100
2024-09-26 05:30:00,3.37,100
2024-09-26 05:45:00,3.48,100
2024-09-26 06:00:00,3.28,100
2024-09-26 06:15:00,4.77,100
2024-09-26 06:30:00,3.97,100
2024-09-26 06:45:00,4.39,100
2024-09-26 07:00:00,4.68,100
2024-09-26 07:15:00,5.88,100
2024-09-26 07:30:00,5.62,100
2024-09-26 07:45:00,7.16,100
2024-09-26 08:00:00,6.81,100
2024-09-26 08:15:00,6.31,100
2024-09-26 08:30:00,6.41,100
2024-09-26 08:45:00,6.26,100
2024-09-26 09:00:00,6.85,100
2024-09-26 09:15:00,7.29,100
2024-09-26 09:30:00,8.16,100
2024-09-26 09:45:00,7.79,100
2024-09-26 10:00:00,8.52,100
2024-09-26 10:15:00,9.9,100
2024-09-26 10:30:00,7.77,100
2024-09-26 10:45:00,9.92,100
2024-09-26 11:00:00,10.03,100
2024-09-26 11:15:00,7.68,100
2024-09-26 11:30:00,8.31,100
2024-09-26 11:45:00,9.03,100
2024-09-26 12:00:00,8.43,100
2024-09-26 12:15:00,8.07,100
2024-09-26 12:30:00,7.85,100
2024-09-26 12:45:00,8.27,100
2024-09-26 13:00:00,8.52,100
2024-09-26 13:15:00,8.73,100
2024-09-26 13:30:00,9.11,100
2024-09-26 13:45:00,12.07,100
2024-09-26 14:00:00,12.91,100
2024-09-26 14:15:00,12.76,100
2024-09-26 14:30:00,10.56,100
2024-09-26 14:45:00,11.57,100
2024-09-26 15:00:00,12.33,100
2024-09-26 15:15:00,12.59,100
2024-09-26 15:30:00,12.23,100
2024-09-26 15:45:00,12.24,100
2024-09-26 16:00:00,11.85,100
2024-09-26 16:15:00,11.49,100
2024-09-26 16:30:00,12.79,100
2024-09-26 16:45:00,11.57,100
2024-09-26 17:00:00,12.11,100
2024-09-26 17:15:00,12.22,100
2024-09-26 17:30:00,12.89,100
2024-09-26 17:45:00,12.22,100
2024-09-26 18:00:00,14.06,100
2024-09-26 18:15:00,12.61,100
2024-09-26 18:30:00,14.26,100
2024-09-26 18:45:00,15.45,100
2024-09-26 19:00:00,14.81,100
2024-09-26 19:15:00,14.44,100
2024-09-26 19:30:00,14.02,100
2024-09-26 19:45:00,13.86,100
2024-09-26 20:00:00,13.83,100
2024-09-26 20:15:00,13.63,100
2024-09-26 20:30:00,14.38,100
2024-09-26 20:45:00,16.11,100
2024-09-26 21:00:00,17.06,100
2024-09-26 21:15:00,17.18,100
2024-09-26 21:30:00,18.65,100
2024-09-26 21:45:00,21.12,100
2024-09-26 22:00:00,20.43,100
2024-09-26 22:15:00,21.77,100
2024-09-26 22:30:00,20.22,100
2024-09-26 22:45:00,20.93,100
2024-09-26 23:00:00,18.37,100
2024-09-26 23:15:00,18.59,100
2024-09-26 23:30:00,18.42,100
2024-09-26 23:45:00,17.77,100
2024-09-27 00:00:00,16.28,100
2024-09-27 00:15:00,15.33,100
2024-09-27 00:30:00,12.94,100
2024-09-27 00:45:00,11.84,100
2024-09-27 01:00:00,10.38,100
2024-09-27 01:15:00,10.34,100
2024-09-27 01:30:00,7.77,100
2024-09-27 01:45:00,7.11,100
2024-09-27 02:00:00,6.21,100
2024-09-27 02:15:00,6.41,100
2024-09-27 02:30:00,5.59,100
2024-09-27 02:45:00,5.09,100
2024-09-27 03:00:00,4.73,100
2024-09-27 03:15:00,4.32,100
2024-09-27 03:30:00,5.3,100
2024-09-27 03:45:00,4.57,100
2024-09-27 04:00:00,,100
2024-09-27 04:15:00,3.53,100
2024-09-27 04:30:00,3.74,100
2024-09-27 04:45:00,3.3,100
2024-09-27 05:00:00,3.45,100
2024-09-27 05:15:00,3.15,100
2024-09-27 05:30:00,3.71,100
2024-09-27 05:45:00,3.56,100
2024-09-27 06:00:00,3.33,100
2024-09-27 06:15:00,4.03,100
2024-09-27 06:30:00,4.21,100
2024-09-27 06:45:00,4.3,100
2024-09-27 07:00:00,4.64,100
2024-09-27 07:15:00,5.53,100
2024-09-27 07:30:00,5.95,100
2024-09-27 07:45:00,5.78,100
2024-09-27 08:00:00,10.12,100
2024-09-27 08:15:00,6.29,100
2024-09-27 08:30:00,6.05,100
2024-09-27 08:45:00,6.7,100
2024-09-27 09:00:00,6.62,100
2024-09-27 09:15:00,8.31,100
2024-09-27 09:30:00,7.82,100
2024-09-27 09:45:00,8.16,100
2024-09-27 10:00:00,8.62,100
2024-09-27 10:15:00,9.53,100
2024-09-27 10:30:00,9.78,100
2024-09-27 10:45:00,8.88,100
2024-09-27 11:00:00,8.89,100
2024-09-27 11:15:00,9.62,100
2024-09-27 11:30:00,8.95,100
2024-09-27 11:45:00,7.84,100
2024-09-27 12:00:00,8.69,100
2024-09-27 12:15:00,8.27,100
2024-09-27 12:30:00,8.78,100
2024-09-27 12:45:00,9.26,100
2024-09-27 13:00:00,8.85,100
2024-09-27 13:15:00,8.67,100
2024-09-27 13:30:00,9.45,100
2024-09-27 13:45:00,11.51,100
2024-09-27 14:00:00,11.41,100
2024-09-27 14:15:00,11.48,100
2024-09-27 14:30:00,10.81,100
2024-09-27 14:45:00,10.88,100
2024-09-27 15:00:00,11.71,100
2024-09-27 15:15:00,11.35,100
2024-09-27 15:30:00,10.66,100
2024-09-27 15:45:00,10.06,100
2024-09-27 16:00:00,11.34,100
2024-09-27 16:15:00,10.48,100
2024-09-27 16:30:00,11.32,100
2024-09-27 16:45:00,11.72,100
2024-09-27 17:00:00,12.01,100
2024-09-27 17:15:00,9.84,100
2024-09-27 17:30:00,12.06,100
2024-09-27 17:45:00,11.37,100
2024-09-27 18:00:00,10.58,100
2024-09-27 18:15:00,10.81,100
2024-09-27 18:30:00,11.33,100
2024-09-27 18:45:00,11.54,100
2024-09-27 19:00:00,11.08,100
2024-09-27 19:15:00,11.38,100
2024-09-27 19:30:00,11.3,100
2024-09-27 19:45:00,12.39,100
2024-09-27 20:00:00,12.27,100
2024-09-27 20:15:00,14.31,100
2024-09-27 20:30:00,13.85,100
2024-09-27 20:45:00,14.72,100
2024-09-27 21:00:00,17.7,100
2024-09-27 21:15:00,19.5,100
2024-09-27 21:30:00,18.68,100
2024-09-27 21:45:00,19.93,100
2024-09-27 22:00:00,19.03,100
2024-09-27 22:15:00,20.11,100
2024-09-27 22:30:00,19.65,100
2024-09-27 22:45:00,20.57,100
2024-09-27 23:00:00,20.53,100
2024-09-27 23:15:00,15.54,100
2024-09-27 23:30:00,15.75,100
2024-09-27 23:45:00,15.04,100
2024-09-28 00:00:00,13.89,100
2024-09-28 00:15:00,12.61,100
2024-09-28 00:30:00,12.2,100
2024-09-28 00:45:00,10.13,100
2024-09-28 01:00:00,10.59,100
2024-09-28 01:15:00,10.14,100
2024-09-28 01:30:00,7.95,100
2024-09-28 01:45:00,7.35,100
2024-09-28 02:00:00,6.92,100
2024-09-28 02:15:00,7.16,100
2024-09-28 02:30:00,6.89,100
2024-09-28 02:45:00,6,100
2024-09-28 03:00:00,6.23,100
2024-09-28 03:15:00,5.36,100
2024-09-28 03:30:00,5.11,100
2024-09-28 03:45:00,5.21,100
2024-09-28 04:00:00,4.92,100
2024-09-28 04:15:00,4.61,100
2024-09-28 04:30:00,3.77,100
2024-09-28 04:45:00,3.82,100
2024-09-28 05:00:00,4.37,100
2024-09-28 05:15:00,4.38,100
2024-09-28 05:30:00,3.72,100
2024-09-28 05:45:00,3.8,100
2024-09-28 06:00:00,3.47,100
2024-09-28 06:15:00,4.11,100
2024-09-28 06:30:00,4.72,100
2024-09-28 06:45:00,3.75,100
2024-09-28 07:00:00,3.71,100
2024-09-28 07:15:00,4.54,100
2024-09-28 07:30:00,4.81,100
2024-09-28 07:45:00,4.87,100
2024-09-28 08:00:00,5.63,100
2024-09-28 08:15:00,5.48,100
2024-09-28 08:30:00,6.79,100
2024-09-28 08:45:00,6.61,100
2024-09-28 09:00:00,7.38,100
2024-09-28 09:15:00,8.21,100
2024-09-28 09:30:00,7.79,100
2024-09-28 09:45:00,9.84,100
2024-09-28 10:00:00,9.2,100
2024-09-28 10:15:00,9.05,100
2024-09-28 10:30:00,10.51,100
2024-09-28 10:45:00,11.47,100
2024-09-28 11:00:00,10.21,100
2024-09-28 11:15:00,11.17,100
2024-09-28 11:30:00,9.41,100
2024-09-28 11:45:00,10.09,100
2024-09-28 12:00:00,10.1,100
2024-09-28 12:15:00,9.78,100
2024-09-28 12:30:00,10.61,100
2024-09-28 12:45:00,10.3,100
2024-09-28 13:00:00,10.7,100
2024-09-28 13:15:00,10.92,100
2024-09-28 13:30:00,10.59,100
2024-09-28 13:45:00,11.03,100
2024-09-28 14:00:00,11.7,100
2024-09-28 14:15:00,12.94,100
2024-09-28 14:30:00,12.03,100
2024-09-28 14:45:00,14.2,100
2024-09-28 15:00:00,16.67,100
2024-09-28 15:15:00,17.25,100
2024-09-28 15:30:00,17.06,100
2024-09-28 15:45:00,16.37,100
2024-09-28 16:00:00,15.83,100
2024-09-28 16:15:00,16.73,100
2024-09-28 16:30:00,15.42,100
2024-09-28 16:45:00,15.27,100
2024-09-28 17:00:00,15.01,100
2024-09-28 17:15:00,13.17,100
2024-09-28 17:30:00,12.11,100
2024-09-28 17:45:00,13.45,100
2024-09-28 18:00:00,14.9,100
2024-09-28 18:15:00,14.43,100
2024-09-28 18:30:00,14.39,100
2024-09-28 18:45:00,14.89,100
2024-09-28 19:00:00,14.18,100
2024-09-28 19:15:00,15.22,100
2024-09-28 19:30:00,14.72,100
2024-09-28 19:45:00,14.53,100
2024-09-28 20:00:00,14.38,100
2024-09-28 20:15:00,13.92,100
2024-09-28 20:30:00,13.11,100
2024-09-28 20:45:00,13.31,100
2024-09-28 21:00:00,14.22,100
2024-09-28 21:15:00,15.43,100
2024-09-28 21:30:00,16.55,100
2024-09-28 21:45:00,18.91,100
2024-09-28 22:00:00,16.82,100
2024-09-28 22:15:00,17.08,100
2024-09-28 22:30:00,16.46,100
2024-09-28 22:45:00,16.6,100
2024-09-28 23:00:00,15.19,100
2024-09-28 23:15:00,14.74,100
2024-09-28 23:30:00,16.36,100
2024-09-28 23:45:00,14.46,100
2024-09-29 00:00:00,12.79,100
2024-09-29 00:15:00,12.98,100
2024-09-29 00:30:00,11.94,100
2024-09-29 00:45:00,11.28,100
2024-09-29 01:00:00,9.77,100
2024-09-29 01:15:00,8.87,100
2024-09-29 01:30:00,7.92,100
2024-09-29 01:45:00,6.99,100
2024-09-29 02:00:00,6.74,100
2024-09-29 02:15:00,6.66,100
2024-09-29 02:30:00,5.51,100
2024-09-29 02:45:00,5.72,100
2024-09-29 03:00:00,5.2,100
2024-09-29 03:15:00,5.31,100
2024-09-29 03:30:00,4.73,100
2024-09-29 03:45:00,4.3,100
2024-09-29 04:00:00,4.63,100
2024-09-29 04:15:00,3.9,100
2024-09-29 04:30:00,3.23,100
2024-09-29 04:45:00,2.98,100
2024-09-29 05:00:00,3.81,100
2024-09-29 05:15:00,3.58,100
2024-09-29 05:30:00,3.18,100
2024-09-29 05:45:00,3.28,100
2024-09-29 06:00:00,2.49,100
2024-09-29 06:15:00,3.29,100
2024-09-29 06:30:00,2.75,100
2024-09-29 06:45:00,2.85,100
2024-09-29 07:00:00,2.99,100
2024-09-29 07:15:00,3.53,100
2024-09-29 07:30:00,3.74,100
2024-09-29 07:45:00,3.52,100
2024-09-29 08:00:00,7.86,100
2024-09-29 08:15:00,5.02,100
2024-09-29 08:30:00,5.76,100
2024-09-29 08:45:00,6.58,100
2024-09-29 09:00:00,7.25,100
2024-09-29 09:15:00,8.23,100
2024-09-29 09:30:00,9.18,100
2024-09-29 09:45:00,8.91,100
2024-09-29 10:00:00,8.95,100
2024-09-29 10:15:00,9.32,100
2024-09-29 10:30:00,9.92,100
2024-09-29 10:45:00,9.3,100
2024-09-29 11:00:00,9.53,100
2024-09-29 11:15:00,9.63,100
2024-09-29 11:30:00,10.74,100
2024-09-29 11:45:00,10.43,100
2024-09-29 12:00:00,9.86,100
2024-09-29 12:15:00,9.24,100
2024-09-29 12:30:00,9.82,100
2024-09-29 12:45:00,9.96,100
2024-09-29 13:00:00,11.41,100
2024-09-29 13:15:00,11.2,100
2024-09-29 13:30:00,11.06,100
2024-09-29 13:45:00,11.83,100
2024-09-29 14:00:00,13.05,100
2024-09-29 14:15:00,12.91,100
2024-09-29 14:30:00,14.16,100
2024-09-29 14:45:00,14.68,100
2024-09-29 15:00:00,13.4,100
2024-09-29 15:15:00,14.49,100
2024-09-29 15:30:00,14.66,100
2024-09-29 15:45:00,14.24,100
2024-09-29 16:00:00,16.02,100
2024-09-29 16:15:00,14.36,100
2024-09-29 16:30:00,15.35,100
2024-09-29 16:45:00,15.36,100
2024-09-29 17:00:00,14.97,100
2024-09-29 17:15:00,13.93,100
2024-09-29 17:30:00,13.3,100
2024-09-29 17:45:00,13.71,100
2024-09-29 18:00:00,13.7,100
2024-09-29 18:15:00,12.73,100
2024-09-29 18:30:00,13.3,100
2024-09-29 18:45:00,14.69,100
2024-09-29 19:00:00,14.38,100
2024-09-29 19:15:00,13.64,100
2024-09-29 19:30:00,14.54,100
2024-09-29 19:45:00,14.63,100
2024-09-29 20:00:00,15.28,100
2024-09-29 20:15:00,15.24,100
2024-09-29 20:30:00,16.02,100
2024-09-29 20:45:00,17.86,100
2024-09-29 21:00:00,20.37,100
2024-09-29 21:15:00,20.95,100
2024-09-29 21:30:00,23.43,100
2024-09-29 21:45:00,24.26,100
2024-09-29 22:00:00,24.71,100
2024-09-29 22:15:00,24.45,100
2024-09-29 22:30:00,24.53,100
2024-09-29 22:45:00,22.66,100
2024-09-29 23:00:00,20.46,100
2024-09-29 23:15:00,19.85,100
2024-09-29 23:30:00,19.5,100
2024-09-29 23:45:00,17.43,100
2024-09-30 00:00:00,15.1,100
2024-09-30 00:15:00,14.84,100
2024-09-30 00:30:00,12.76,100
2024-09-30 00:45:00,10.83,100
2024-09-30 01:00:00,10.46,100
2024-09-30 01:15:00,9.27,100
2024-09-30 01:30:00,8.62,100
2024-09-30 01:45:00,5.97,100
2024-09-30 02:00:00,6.99,100
2024-09-30 02:15:00,5.36,100
2024-09-30 02:30:00,4.55,100
2024-09-30 02:45:00,4.85,100
2024-09-30 03:00:00,4.54,100
2024-09-30 03:15:00,4.03,100
2024-09-30 03:30:00,5.39,100
2024-09-30 03:45:00,3.36,100
2024-09-30 04:00:00,3.15,100
2024-09-30 04:15:00,2.81,100
2024-09-30 04:30:00,2.54,100
2024-09-30 04:45:00,3.28,100
2024-09-30 05:00:00,3.2,100
2024-09-30 05:15:00,3.54,100
2024-09-30 05:30:00,3.25,100
2024-09-30 05:45:00,2.35,100
2024-09-30 06:00:00,3.18,100
2024-09-30 06:15:00,2.89,100
2024-09-30 06:30:00,3.5,100
2024-09-30 06:45:00,3.76,100
2024-09-30 07:00:00,3.8,100
2024-09-30 07:15:00,4.4,100
2024-09-30 07:30:00,4.88,100
2024-09-30 07:45:00,5.21,100
2024-09-30 08:00:00,5.6,100
2024-09-30 08:15:00,5.56,100
2024-09-30 08:30:00,6.15,100
2024-09-30 08:45:00,6.06,100
2024-09-30 09:00:00,6.94,100
2024-09-30 09:15:00,6.7,100
2024-09-30 09:30:00,7.72,100
2024-09-30 09:45:00,7.73,100
2024-09-30 10:00:00,7.39,100
2024-09-30 10:15:00,7.41,100
2024-09-30 10:30:00,6.84,100
2024-09-30 10:45:00,9.1,100
2024-09-30 11:00:00,8.29,100
2024-09-30 11:15:00,8.74,100
2024-09-30 11:30:00,7.38,100
2024-09-30 11:45:00,7.98,100
2024-09-30 12:00:00,7.78,100
2024-09-30 12:15:00,8.26,100
2024-09-30 12:30:00,8.95,100
2024-09-30 12:45:00,9.3,100
2024-09-30 13:00:00,8.79,100
2024-09-30 13:15:00,7.17,100
2024-09-30 13:30:00,9.33,100
2024-09-30 13:45:00,9.64,100
2024-09-30 14:00:00,9.36,100
2024-09-30 14:15:00,10.53,100
2024-09-30 14:30:00,10.22,100
2024-09-30 14:45:00,10.35,100
2024-09-30 15:00:00,11.49,100
2024-09-30 15:15:00,11.25,100
2024-09-30 15:30:00,11.16,100
2024-09-30 15:45:00,10.24,100
2024-09-30 16:00:00,10.11,100
2024-09-30 16:15:00,9.61,100
2024-09-30 16:30:00,10.98,100
2024-09-30 16:45:00,10.12,100
2024-09-30 17:00:00,16.43,100
2024-09-30 17:15:00,10.96,100
2024-09-30 17:30:00,11.77,100
2024-09-30 17:45:00,11.66,100
2024-09-30 18:00:00,10.42,100
2024-09-30 18:15:00,10.99,100
2024-09-30 18:30:00,11.57,100
2024-09-30 18:45:00,12.22,100
2024-09-30 19:00:00,12.5,100
2024-09-30 19:15:00,12.73,100
2024-09-30 19:30:00,13.08,100
2024-09-30 19:45:00,13.35,100
2024-09-30 20:00:00,13.59,100
2024-09-30 20:15:00,15.73,100
2024-09-30 20:30:00,16.18,100
2024-09-30 20:45:00,17.11,100
2024-09-30 21:00:00,18.78,100
2024-09-30 21:15:00,21.88,100
2024-09-30 21:30:00,20.13,100
2024-09-30 21:45:00,22.13,100
2024-09-30 22:00:00,22.36,100
2024-09-30 22:15:00,22.7,100
2024-09-30 22:30:00,22.05,100
2024-09-30 22:45:00,22.66,100
2024-09-30 23:00:00,19.79,100
2024-09-30 23:15:00,18.8,100
2024-09-30 23:30:00,18.35,100
2024-09-30 23:45:00,17.09,100
2024-10-01 00:00:00,14.84,100
2024-10-01 00:15:00,12.76,100
2024-10-01 00:30:00,12.53,100
2024-10-01 00:45:00,10.55,100
2024-10-01 01:00:00,9.22,100
2024-10-01 01:15:00,8.94,100
2024-10-01 01:30:00,7.84,100
2024-10-01 01:45:00,7.46,100
2024-10-01 02:00:00,7.03,100
2024-10-01 02:15:00,5.66,100
2024-10-01 02:30:00,5.24,100
2024-10-01 02:45:00,4.72,100
2024-10-01 03:00:00,4.69,100
2024-10-01 03:15:00,4.45,100
2024-10-01 03:30:00,3.96,100
2024-10-01 03:45:00,3.43,100
2024-10-01 04:00:00,3.55,100
2024-10-01 04:15:00,3.32,100
2024-10-01 04:30:00,3.52,100
2024-10-01 04:45:00,3.56,100
2024-10-01 05:00:00,3.4,100
2024-10-01 05:15:00,3.37,100
2024-10-01 05:30:00,3.07,100
2024-10-01 05:45:00,3.3,100
2024-10-01 06:00:00,3.13,100
2024-10-01 06:15:00,3.46,100
2024-10-01 06:30:00,4.01,100
2024-10-01 06:45:00,4.63,100
2024-10-01 07:00:00,4.68,100
2024-10-01 07:15:00,5.25,100
2024-10-01 07:30:00,5.8,100
2024-10-01 07:45:00,5.76,100
2024-10-01 08:00:00,9.18,100
2024-10-01 08:15:00,7.07,100
2024-10-01 08:30:00,5.97,100
2024-10-01 08:45:00,5.93,100
2024-10-01 09:00:00,6.71,100
2024-10-01 09:15:00,7.91,100
2024-10-01 09:30:00,7.44,100
2024-10-01 09:45:00,8.15,100
2024-10-01 10:00:00,7.78,100
2024-10-01 10:15:00,7.08,100
2024-10-01 10:30:00,7.04,100
2024-10-01 10:45:00,7.72,100
2024-10-01 11:00:00,8.85,100
2024-10-01 11:15:00,8.44,100
2024-10-01 11:30:00,7.96,100
2024-10-01 11:45:00,7.88,100
2024-10-01 12:00:00,8.72,100
2024-10-01 12:15:00,8.37,100
2024-10-01 12:30:00,8.86,100
2024-10-01 12:45:00,8.06,100
2024-10-01 13:00:00,9.17,100
2024-10-01 13:15:00,8.16,100
2024-10-01 13:30:00,8.9,100
2024-10-01 13:45:00,9.3,100
2024-10-01 14:00:00,10.39,100
2024-10-01 14:15:00,11.35,100
2024-10-01 14:30:00,11.94,100
2024-10-01 14:45:00,12.81,100
2024-10-01 15:00:00,12.75,100
2024-10-01 15:15:00,14.05,100
2024-10-01 15:30:00,13.46,100
2024-10-01 15:45:00,12.29,100
2024-10-01 16:00:00,12.44,100
2024-10-01 16:15:00,11.25,100
2024-10-01 16:30:00,10.5,100
2024-10-01 16:45:00,12.89,100
2024-10-01 17:00:00,14.76,100
2024-10-01 17:15:00,11.94,100
2024-10-01 17:30:00,11.56,100
2024-10-01 17:45:00,14.39,100
2024-10-01 18:00:00,15.22,100
2024-10-01 18:15:00,12.24,100
2024-10-01 18:30:00,11.83,100
2024-10-01 18:45:00,14.61,100
2024-10-01 19:00:00,16.49,100
2024-10-01 19:15:00,14.64,100
2024-10-01 19:30:00,14.28,100
2024-10-01 19:45:00,14.41,100
2024-10-01 20:00:00,15.35,100
2024-10-01 20:15:00,17.05,100
2024-10-01 20:30:00,17.39,100
2024-10-01 20:45:00,18.34,100
2024-10-01 21:00:00,20.85,100
2024-10-01 21:15:00,19.3,100
2024-10-01 21:30:00,23.32,100
2024-10-01 21:45:00,24.12,100
2024-10-01 22:00:00,23.12,100
2024-10-01 22:15:00,22.39,100
2024-10-01 22:30:00,21.55,100
2024-10-01 22:45:00,21.54,100
2024-10-01 23:00:00,21.42,100
2024-10-01 23:15:00,19,100
2024-10-01 23:30:00,18.16,100
2024-10-01 23:45:00,17.39,100
2024-10-02 00:00:00,15.52,100
2024-10-02 00:15:00,13.73,100
2024-10-02 00:30:00,12.33,100
2024-10-02 00:45:00,11.68,100
2024-10-02 01:00:00,10.66,100
2024-10-02 01:15:00,10.6,100
2024-10-02 01:30:00,8.11,100
2024-10-02 01:45:00,7.21,100
2024-10-02 02:00:00,7.05,100
2024-10-02 02:15:00,5.95,100
2024-10-02 02:30:00,5.51,100
2024-10-02 02:45:00,5.05,100
2024-10-02 03:00:00,5.28,100
2024-10-02 03:15:00,5.03,100
2024-10-02 03:30:00,4.73,100
2024-10-02 03:45:00,5.81,100
2024-10-02 04:00:00,4.5,100
2024-10-02 04:15:00,4.2,100
2024-10-02 04:30:00,3.7,100
2024-10-02 04:45:00,4.01,100
2024-10-02 05:00:00,3.81,100
2024-10-02 05:15:00,3.68,100
2024-10-02 05:30:00,3.99,100
2024-10-02 05:45:00,3.78,100
2024-10-02 06:00:00,3.84,100
2024-10-02 06:15:00,4.86,100
2024-10-02 06:30:00,4.63,100
2024-10-02 06:45:00,4.42,100
2024-10-02 07:00:00,5.49,100
2024-10-02 07:15:00,7.23,100
2024-10-02 07:30:00,7.12,100
2024-10-02 07:45:00,6.4,100
2024-10-02 08:00:00,6.81,100
2024-10-02 08:15:00,7.13,100
2024-10-02 08:30:00,6.94,100
2024-10-02 08:45:00,6.54,100
2024-10-02 09:00:00,8.71,100
2024-10-02 09:15:00,7.67,100
2024-10-02 09:30:00,7.78,100
2024-10-02 09:45:00,8.93,100
2024-10-02 10:00:00,9.33,100
2024-10-02 10:15:00,9.46,100
2024-10-02 10:30:00,8.94,100
2024-10-02 10:45:00,9.19,100
2024-10-02 11:00:00,9.68,100
2024-10-02 11:15:00,9.24,100
2024-10-02 11:30:00,8.86,100
2024-10-02 11:45:00,9.56,100
2024-10-02 12:00:00,9.44,100
2024-10-02 12:15:00,10.41,100
2024-10-02 12:30:00,9.94,100
2024-10-02 12:45:00,10.35,100
2024-10-02 13:00:00,10.56,100
2024-10-02 13:15:00,10.62,100
2024-10-02 13:30:00,12.21,100
2024-10-02 13:45:00,12.22,100
2024-10-02 14:00:00,11.03,100
2024-10-02 14:15:00,11.78,100
2024-10-02 14:30:00,12.01,100
2024-10-02 14:45:00,12.3,100
2024-10-02 15:00:00,13.04,100
2024-10-02 15:15:00,11.94,100
2024-10-02 15:30:00,12.18,100
2024-10-02 15:45:00,11.13,100
2024-10-02 16:00:00,11.37,100
2024-10-02 16:15:00,10.77,100
2024-10-02 16:30:00,11.85,100
2024-10-02 16:45:00,11.16,100
2024-10-02 17:00:00,10.6,100
2024-10-02 17:15:00,10.56,100
2024-10-02 17:30:00,11.61,100
2024-10-02 17:45:00,11.93,100
2024-10-02 18:00:00,10.91,100
2024-10-02 18:15:00,12.12,100
2024-10-02 18:30:00,11.86,100
2024-10-02 18:45:00,13.17,100
2024-10-02 19:00:00,13.76,100
2024-10-02 19:15:00,12.45,100
2024-10-02 19:30:00,13.7,100
2024-10-02 19:45:00,13.25,100
2024-10-02 20:00:00,13.86,100
2024-10-02 20:15:00,14.51,100
2024-10-02 20:30:00,16.07,100
2024-10-02 20:45:00,18.69,100
2024-10-02 21:00:00,20.37,100
2024-10-02 21:15:00,23.46,100
2024-10-02 21:30:00,25.43,100
2024-10-02 21:45:00,26.14,100
2024-10-02 22:00:00,26.27,100
2024-10-02 22:15:00,26.6,100
2024-10-02 22:30:00,27.41,100
2024-10-02 22:45:00,27.78,100
2024-10-02 23:00:00,25.95,100
2024-10-02 23:15:00,25.81,100
2024-10-02 23:30:00,21.67,100
2024-10-02 23:45:00,18.81,100
2024-10-03 00:00:00,17.22,100
2024-10-03 00:15:00,14.93,100
2024-10-03 00:30:00,14.74,100
2024-10-03 00:45:00,13.54,100
2024-10-03 01:00:00,10.65,100
2024-10-03 01:15:00,9.74,100
2024-10-03 01:30:00,8.53,100
2024-10-03 01:45:00,7.75,100
2024-10-03 02:00:00,7.2,100
2024-10-03 02:15:00,6.15,100
2024-10-03 02:30:00,5.08,100
2024-10-03 02:45:00,5.34,100
2024-10-03 03:00:00,5.12,100
2024-10-03 03:15:00,4.96,100
2024-10-03 03:30:00,4.75,100
2024-10-03 03:45:00,4.1,100
2024-10-03 04:00:00,3.95,100
2024-10-03 04:15:00,4.13,100
2024-10-03 04:30:00,3.73,100
2024-10-03 04:45:00,3.71,100
2024-10-03 05:00:00,3.43,100
2024-10-03 05:15:00,4.09,100
2024-10-03 05:30:00,3.29,100
2024-10-03 05:45:00,3.55,100
2024-10-03 06:00:00,3.72,100
2024-10-03 06:15:00,4.04,100
2024-10-03 06:30:00,4.54,100
2024-10-03 06:45:00,4.75,100
2024-10-03 07:00:00,4.79,100
2024-10-03 07:15:00,6.39,100
2024-10-03 07:30:00,6.74,100
2024-10-03 07:45:00,6.44,100
2024-10-03 08:00:00,9.01,100
2024-10-03 08:15:00,6.51,100
2024-10-03 08:30:00,7.1,100
2024-10-03 08:45:00,6.76,100
2024-10-03 09:00:00,7.04,100
2024-10-03 09:15:00,8.48,100
2024-10-03 09:30:00,8.79,100
2024-10-03 09:45:00,9.01,100
2024-10-03 10:00:00,8.91,100
2024-10-03 10:15:00,8.3,100
2024-10-03 10:30:00,8.46,100
2024-10-03 10:45:00,8.42,100
2024-10-03 11:00:00,8.53,100
2024-10-03 11:15:00,8.54,100
2024-10-03 11:30:00,8.62,100
2024-10-03 11:45:00,8.84,100
2024-10-03 12:00:00,8.26,100
2024-10-03 12:15:00,8.57,100
2024-10-03 12:30:00,10.54,100
2024-10-03 12:45:00,9.93,100
2024-10-03 13:00:00,9.43,100
2024-10-03 13:15:00,10.08,100
2024-10-03 13:30:00,11.33,100
2024-10-03 13:45:00,9.92,100
2024-10-03 14:00:00,11.21,100
2024-10-03 14:15:00,11.79,100
2024-10-03 14:30:00,12.87,100
2024-10-03 14:45:00,13.42,100
2024-10-03 15:00:00,12.45,100
2024-10-03 15:15:00,12.58,100
2024-10-03 15:30:00,12.05,100
2024-10-03 15:45:00,12.32,100
2024-10-03 16:00:00,12.13,100
2024-10-03 16:15:00,12.11,100
2024-10-03 16:30:00,11.02,100
2024-10-03 16:45:00,11.88,100
2024-10-03 17:00:00,12.66,100
2024-10-03 17:15:00,12.41,100
2024-10-03 17:30:00,12.09,100
2024-10-03 17:45:00,12,100
2024-10-03 18:00:00,12.41,100
2024-10-03 18:15:00,12.17,100
2024-10-03 18:30:00,12.53,100
2024-10-03 18:45:00,14.47,100
2024-10-03 19:00:00,14.27,100
2024-10-03 19:15:00,14.55,100
2024-10-03 19:30:00,13.96,100
2024-10-03 19:45:00,15.32,100
2024-10-03 20:00:00,14.8,100
2024-10-03 20:15:00,14.1,100
2024-10-03 20:30:00,15.34,100
2024-10-03 20:45:00,16.14,100
2024-10-03 21:00:00,18.84,100
2024-10-03 21:15:00,17.94,100
2024-10-03 21:30:00,19.44,100
2024-10-03 21:45:00,20.79,100
2024-10-03 22:00:00,19.68,100
2024-10-03 22:15:00,21.64,100
2024-10-03 22:30:00,21.68,100
2024-10-03 22:45:00,19.39,100
2024-10-03 23:00:00,20.12,100
2024-10-03 23:15:00,20.05,100
2024-10-03 23:30:00,20.08,100
2024-10-03 23:45:00,15.44,100
2024-10-04 00:00:00,14.99,100
2024-10-04 00:15:00,14.22,100
2024-10-04 00:30:00,12.47,100
2024-10-04 00:45:00,13.66,100
2024-10-04 01:00:00,11.76,100
2024-10-04 01:15:00,10.68,100
2024-10-04 01:30:00,8.41,100
2024-10-04 01:45:00,8.19,100
2024-10-04 02:00:00,7.44,100
2024-10-04 02:15:00,7.56,100
2024-10-04 02:30:00,6.2,100
2024-10-04 02:45:00,6.35,100
2024-10-04 03:00:00,5.5,100
2024-10-04 03:15:00,5.15,100
2024-10-04 03:30:00,4.32,100
2024-10-04 03:45:00,4.44,100
2024-10-04 04:00:00,4.1,100
2024-10-04 04:15:00,3.81,100
2024-10-04 04:30:00,3.94,100
2024-10-04 04:45:00,3.82,100
2024-10-04 05:00:00,5.48,100
2024-10-04 05:15:00,4.23,100
2024-10-04 05:30:00,3.78,100
2024-10-04 05:45:00,3.34,100
2024-10-04 06:00:00,4.21,100
2024-10-04 06:15:00,5.13,100
2024-10-04 06:30:00,4.57,100
2024-10-04 06:45:00,5.21,100
2024-10-04 07:00:00,4.99,100
2024-10-04 07:15:00,5.8,100
2024-10-04 07:30:00,5.89,100
2024-10-04 07:45:00,6.4,100
2024-10-04 08:00:00,6.46,100
2024-10-04 08:15:00,7.22,100
2024-10-04 08:30:00,7.31,100
2024-10-04 08:45:00,8.55,100
2024-10-04 09:00:00,8.05,100
2024-10-04 09:15:00,8.7,100
2024-10-04 09:30:00,8.08,100
2024-10-04 09:45:00,8.77,100
2024-10-04 10:00:00,8.94,100
2024-10-04 10:15:00,9.61,100
2024-10-04 10:30:00,8.41,100
2024-10-04 10:45:00,10.01,100
2024-10-04 11:00:00,10.37,100
2024-10-04 11:15:00,8.92,100
2024-10-04 11:30:00,8.93,100
2024-10-04 11:45:00,9.37,100
2024-10-04 12:00:00,8.83,100
2024-10-04 12:15:00,8.78,100
2024-10-04 12:30:00,9.7,100
2024-10-04 12:45:00,9.51,100
2024-10-04 13:00:00,9.56,100
2024-10-04 13:15:00,8.74,100
2024-10-04 13:30:00,9.97,100
2024-10-04 13:45:00,10.17,100
2024-10-04 14:00:00,10.62,100
2024-10-04 14:15:00,11.57,100
2024-10-04 14:30:00,11.96,100
2024-10-04 14:45:00,12.6,100
2024-10-04 15:00:00,13.02,100
2024-10-04 15:15:00,13.89,100
2024-10-04 15:30:00,13.36,100
2024-10-04 15:45:00,13.45,100
2024-10-04 16:00:00,11.35,100
2024-10-04 16:15:00,11.91,100
2024-10-04 16:30:00,13.04,100
2024-10-04 16:45:00,14.13,100
2024-10-04 17:00:00,13.65,100
2024-10-04 17:15:00,12.82,100
2024-10-04 17:30:00,12.5,100
2024-10-04 17:45:00,12.1,100
2024-10-04 18:00:00,13.22,100
2024-10-04 18:15:00,13.07,100
2024-10-04 18:30:00,14.32,100
2024-10-04 18:45:00,14.9,100
2024-10-04 19:00:00,14.53,100
2024-10-04 19:15:00,15.51,100
2024-10-04 19:30:00,15.29,100
2024-10-04 19:45:00,14.49,100
2024-10-04 20:00:00,13.54,100
2024-10-04 20:15:00,14.06,100
2024-10-04 20:30:00,14.94,100
2024-10-04 20:45:00,15.49,100
2024-10-04 21:00:00,15.26,100
2024-10-04 21:15:00,16.87,100
2024-10-04 21:30:00,17.07,100
2024-10-04 21:45:00,18.95,100
2024-10-04 22:00:00,19.82,100
2024-10-04 22:15:00,19.65,100
2024-10-04 22:30:00,19.47,100
2024-10-04 22:45:00,18.72,100
2024-10-04 23:00:00,18.03,100
2024-10-04 23:15:00,17.19,100
2024-10-04 23:30:00,17.41,100
2024-10-04 23:45:00,15.6,100
2024-10-05 00:00:00,14.33,100
2024-10-05 00:15:00,12.4,100
2024-10-05 00:30:00,12.74,100
2024-10-05 00:45:00,10.67,100
2024-10-05 01:00:00,10.25,100
2024-10-05 01:15:00,9.89,100
2024-10-05 01:30:00,8.63,100
2024-10-05 01:45:00,8.34,100
2024-10-05 02:00:00,7.43,100
2024-10-05 02:15:00,7.41,100
2024-10-05 02:30:00,6.49,100
2024-10-05 02:45:00,5.95,100
2024-10-05 03:00:00,5.71,100
2024-10-05 03:15:00,5.96,100
2024-10-05 03:30:00,5.3,100
2024-10-05 03:45:00,4.96,100
2024-10-05 04:00:00,4.14,100
2024-10-05 04:15:00,3.87,100
2024-10-05 04:30:00,3.83,100
2024-10-05 04:45:00,4.2,100
2024-10-05 05:00:00,4.03,100
2024-10-05 05:15:00,3.79,100
2024-10-05 05:30:00,3.66,100
2024-10-05 05:45:00,3.51,100
2024-10-05 06:00:00,4.04,100
2024-10-05 06:15:00,3.75,100
2024-10-05 06:30:00,3.56,100
2024-10-05 06:45:00,4.07,100
2024-10-05 07:00:00,3.58,100
2024-10-05 07:15:00,4.46,100
2024-10-05 07:30:00,4.33,100
2024-10-05 07:45:00,4.25,100
2024-10-05 08:00:00,9.07,100
2024-10-05 08:15:00,6.05,100
2024-10-05 08:30:00,5.84,100
2024-10-05 08:45:00,7.1,100
2024-10-05 09:00:00,7.81,100
2024-10-05 09:15:00,7.92,100
2024-10-05 09:30:00,9.34,100
2024-10-05 09:45:00,8.19,100
2024-10-05 10:00:00,7.85,100
2024-10-05 10:15:00,8.98,100
2024-10-05 10:30:00,8.92,100
2024-10-05 10:45:00,9.26,100
2024-10-05 11:00:00,8.77,100
2024-10-05 11:15:00,9,100
2024-10-05 11:30:00,9.88,100
2024-10-05 11:45:00,9.73,100
2024-10-05 12:00:00,9.57,100
2024-10-05 12:15:00,10.99,100
2024-10-05 12:30:00,11.61,100
2024-10-05 12:45:00,10.23,100
2024-10-05 13:00:00,10.08,100
2024-10-05 13:15:00,10.86,100
2024-10-05 13:30:00,11.01,100
2024-10-05 13:45:00,11.11,100
2024-10-05 14:00:00,12.03,100
2024-10-05 14:15:00,12.68,100
2024-10-05 14:30:00,13.66,100
2024-10-05 14:45:00,13.69,100
2024-10-05 15:00:00,13.23,100
2024-10-05 15:15:00,13.09,100
2024-10-05 15:30:00,13.91,100
2024-10-05 15:45:00,13.61,100
2024-10-05 16:00:00,13.89,100
2024-10-05 16:15:00,12.98,100
2024-10-05 16:30:00,13.15,100
2024-10-05 16:45:00,12.85,100
2024-10-05 17:00:00,12.76,100
2024-10-05 17:15:00,12.38,100
2024-10-05 17:30:00,11.46,100
2024-10-05 17:45:00,12.96,100
2024-10-05 18:00:00,13.76,100
2024-10-05 18:15:00,13.39,100
2024-10-05 18:30:00,15.98,100
2024-10-05 18:45:00,14.26,100
2024-10-05 19:00:00,13.49,100
2024-10-05 19:15:00,14.08,100
2024-10-05 19:30:00,12.72,100
2024-10-05 19:45:00,13.72,100
2024-10-05 20:00:00,14.18,100
2024-10-05 20:15:00,13.07,100
2024-10-05 20:30:00,14.39,100
2024-10-05 20:45:00,15.4,100
2024-10-05 21:00:00,15.59,100
2024-10-05 21:15:00,15.78,100
2024-10-05 21:30:00,16.66,100
2024-10-05 21:45:00,17.51,100
2024-10-05 22:00:00,17.93,100
2024-10-05 22:15:00,17.91,100
2024-10-05 22:30:00,18.16,100
2024-10-05 22:45:00,17.71,100
2024-10-05 23:00:00,16.52,100
2024-10-05 23:15:00,16.48,100
2024-10-05 23:30:00,15.47,100
2024-10-05 23:45:00,14.48,100
2024-10-06 00:00:00,12.85,100
2024-10-06 00:15:00,12.62,100
2024-10-06 00:30:00,12.57,100
2024-10-06 00:45:00,11.68,100
2024-10-06 01:00:00,10.07,100
2024-10-06 01:15:00,10.15,100
2024-10-06 01:30:00,9.8,100
2024-10-06 01:45:00,9.29,100
2024-10-06 02:00:00,7.89,100
2024-10-06 02:15:00,7.17,100
2024-10-06 02:30:00,6.08,100
2024-10-06 02:45:00,5.2,100
2024-10-06 03:00:00,4.83,100
2024-10-06 03:15:00,4.54,100
2024-10-06 03:30:00,4.09,100
2024-10-06 03:45:00,4.48,100
2024-10-06 04:00:00,4.38,100
2024-10-06 04:15:00,3.57,100
2024-10-06 04:30:00,3.15,100
2024-10-06 04:45:00,3.29,100
2024-10-06 05:00:00,3.41,100
2024-10-06 05:15:00,3.54,100
2024-10-06 05:30:00,3.23,100
2024-10-06 05:45:00,2.67,100
2024-10-06 06:00:00,2.77,100
2024-10-06 06:15:00,2.98,100
2024-10-06 06:30:00,3.06,100
2024-10-06 06:45:00,2.92,100
2024-10-06 07:00:00,3.51,100
2024-10-06 07:15:00,3.81,100
2024-10-06 07:30:00,4.26,100
2024-10-06 07:45:00,5.36,100
2024-10-06 08:00:00,4.82,100
2024-10-06 08:15:00,4.97,100
2024-10-06 08:30:00,5.69,100
2024-10-06 08:45:00,6.73,100
2024-10-06 09:00:00,6.8,100
2024-10-06 09:15:00,7.72,100
2024-10-06 09:30:00,8.4,100
2024-10-06 09:45:00,8.87,100
2024-10-06 10:00:00,8.96,100
2024-10-06 10:15:00,9.74,100
2024-10-06 10:30:00,9.69,100
2024-10-06 10:45:00,10.31,100
2024-10-06 11:00:00,9.67,100
2024-10-06 11:15:00,10.91,100
2024-10-06 11:30:00,9.87,100
2024-10-06 11:45:00,10.07,100
2024-10-06 12:00:00,11.87,100
2024-10-06 12:15:00,11.93,100
2024-10-06 12:30:00,12.3,100
2024-10-06 12:45:00,12.97,100
2024-10-06 13:00:00,13.4,100
2024-10-06 13:15:00,14.3,100
2024-10-06 13:30:00,13.99,100
2024-10-06 13:45:00,15.45,100
2024-10-06 14:00:00,15.34,100
2024-10-06 14:15:00,16.63,100
2024-10-06 14:30:00,17.63,100
2024-10-06 14:45:00,16.56,100
2024-10-06 15:00:00,15.24,100
2024-10-06 15:15:00,16.17,100
2024-10-06 15:30:00,16.14,100
2024-10-06 15:45:00,15.79,100
2024-10-06 16:00:00,15.36,100
2024-10-06 16:15:00,16.07,100
2024-10-06 16:30:00,15.82,100
2024-10-06 16:45:00,16.11,100
2024-10-06 17:00:00,16.33,100
2024-10-06 17:15:00,14.34,100
2024-10-06 17:30:00,15.45,100
2024-10-06 17:45:00,16.21,100
2024-10-06 18:00:00,14.9,100
2024-10-06 18:15:00,14.67,100
2024-10-06 18:30:00,15.35,100
2024-10-06 18:45:00,15.17,100
2024-10-06 19:00:00,15.91,100
2024-10-06 19:15:00,17,100
2024-10-06 19:30:00,17.89,100
2024-10-06 19:45:00,16.35,100
2024-10-06 20:00:00,16.12,100
2024-10-06 20:15:00,15.25,100
2024-10-06 20:30:00,16.51,100
2024-10-06 20:45:00,19.17,100
2024-10-06 21:00:00,23.1,100
2024-10-06 21:15:00,24,100
2024-10-06 21:30:00,24.63,100
2024-10-06 21:45:00,24.46,100
2024-10-06 22:00:00,25.73,100
2024-10-06 22:15:00,25.28,100
2024-10-06 22:30:00,25.98,100
2024-10-06 22:45:00,24.8,100
2024-10-06 23:00:00,22.46,100
2024-10-06 23:15:00,20.06,100
2024-10-06 23:30:00,18.74,100
2024-10-06 23:45:00,18.33,100
2024-10-07 00:00:00,16.62,100
2024-10-07 00:15:00,15.2,100
2024-10-07 00:30:00,12.35,100
2024-10-07 00:45:00,10.99,100
2024-10-07 01:00:00,9.63,100
2024-10-07 01:15:00,8.76,100
2024-10-07 01:30:00,7.84,100
2024-10-07 01:45:00,6.07,100
2024-10-07 02:00:00,6.15,100
2024-10-07 02:15:00,6.29,100
2024-10-07 02:30:00,4.81,100
2024-10-07 02:45:00,4.63,100
2024-10-07 03:00:00,4.68,100
2024-10-07 03:15:00,3.51,100
2024-10-07 03:30:00,5.27,100
2024-10-07 03:45:00,3.2,100
2024-10-07 04:00:00,4.39,100
2024-10-07 04:15:00,2.86,100
2024-10-07 04:30:00,3.12,100
2024-10-07 04:45:00,2.91,100
2024-10-07 05:00:00,2.72,100
2024-10-07 05:15:00,3.16,100
2024-10-07 05:30:00,2.72,100
2024-10-07 05:45:00,2.82,100
2024-10-07 06:00:00,3.06,100
2024-10-07 06:15:00,2.77,100
2024-10-07 06:30:00,4.03,100
2024-10-07 06:45:00,3.54,100
2024-10-07 07:00:00,3.91,100
2024-10-07 07:15:00,4.67,100
2024-10-07 07:30:00,5.22,100
2024-10-07 07:45:00,4.95,100
2024-10-07 08:00:00,9.37,100
2024-10-07 08:15:00,6.25,100
2024-10-07 08:30:00,6.3,100
2024-10-07 08:45:00,6.07,100
2024-10-07 09:00:00,6.2,100
2024-10-07 09:15:00,7.52,100
2024-10-07 09:30:00,7.58,100
2024-10-07 09:45:00,7.42,100
2024-10-07 10:00:00,6.95,100
2024-10-07 10:15:00,8.68,100
2024-10-07 10:30:00,9.28,100
2024-10-07 10:45:00,9.11,100
2024-10-07 11:00:00,8.38,100
2024-10-07 11:15:00,9.05,100
2024-10-07 11:30:00,9.63,100
2024-10-07 11:45:00,8.3,100
2024-10-07 12:00:00,8.83,100
2024-10-07 12:15:00,9.37,100
2024-10-07 12:30:00,9.57,100
2024-10-07 12:45:00,8.84,100
2024-10-07 13:00:00,8.72,100
2024-10-07 13:15:00,9,100
2024-10-07 13:30:00,9.2,100
2024-10-07 13:45:00,9.88,100
2024-10-07 14:00:00,9.92,100
2024-10-07 14:15:00,11.74,100
2024-10-07 14:30:00,11.69,100
2024-10-07 14:45:00,11.36,100
2024-10-07 15:00:00,12.43,100
2024-10-07 15:15:00,13.12,100
2024-10-07 15:30:00,10.86,100
2024-10-07 15:45:00,11.67,100
2024-10-07 16:00:00,10.56,100
2024-10-07 16:15:00,16.08,100
2024-10-07 16:30:00,15.75,100
2024-10-07 16:45:00,10.15,100
2024-10-07 17:00:00,11.39,100
2024-10-07 17:15:00,11.86,100
2024-10-07 17:30:00,11.97,100
2024-10-07 17:45:00,14.03,100
2024-10-07 18:00:00,12.35,100
2024-10-07 18:15:00,11.54,100
2024-10-07 18:30:00,12.55,100
2024-10-07 18:45:00,12.41,100
2024-10-07 19:00:00,13.53,100
2024-10-07 19:15:00,14.62,100
2024-10-07 19:30:00,14.3,100
2024-10-07 19:45:00,14.91,100
2024-10-07 20:00:00,16.51,100
2024-10-07 20:15:00,16.01,100
2024-10-07 20:30:00,15.48,100
2024-10-07 20:45:00,17.07,100
2024-10-07 21:00:00,18.15,100
2024-10-07 21:15:00,19.67,100
2024-10-07 21:30:00,19.78,100
2024-10-07 21:45:00,22.41,100
2024-10-07 22:00:00,22.74,100
2024-10-07 22:15:00,21.86,100
2024-10-07 22:30:00,22.36,100
2024-10-07 22:45:00,23.88,100
2024-10-07 23:00:00,21.14,100
2024-10-07 23:15:00,18.78,100
2024-10-07 23:30:00,17.86,100
2024-10-07 23:45:00,17.44,100
